-- phpMyAdmin SQL Dump
-- version 4.8.4
-- https://www.phpmyadmin.net/
--
-- Host: 127.0.0.1
-- Generation Time: May 18, 2020 at 05:53 PM
-- Server version: 10.1.37-MariaDB
-- PHP Version: 7.3.1

SET SQL_MODE = "NO_AUTO_VALUE_ON_ZERO";
SET AUTOCOMMIT = 0;
START TRANSACTION;
SET time_zone = "+00:00";


/*!40101 SET @OLD_CHARACTER_SET_CLIENT=@@CHARACTER_SET_CLIENT */;
/*!40101 SET @OLD_CHARACTER_SET_RESULTS=@@CHARACTER_SET_RESULTS */;
/*!40101 SET @OLD_COLLATION_CONNECTION=@@COLLATION_CONNECTION */;
/*!40101 SET NAMES utf8mb4 */;

--
-- Database: `traschools_structure`
--

-- --------------------------------------------------------

--
-- Table structure for table `groups`
--

CREATE TABLE `groups` (
  `id` mediumint(8) UNSIGNED NOT NULL,
  `name` varchar(20) NOT NULL,
  `description` varchar(100) NOT NULL
) ENGINE=InnoDB DEFAULT CHARSET=utf8;

--
-- Dumping data for table `groups`
--

INSERT INTO `groups` (`id`, `name`, `description`) VALUES
(1, 'admin', 'Administrator'),
(4, 'members', 'General User'),
(5, 'pro', 'Members Pro');

-- --------------------------------------------------------

--
-- Table structure for table `groups_permissions`
--

CREATE TABLE `groups_permissions` (
  `id` int(11) NOT NULL,
  `group_id` int(11) NOT NULL,
  `perm_id` int(11) NOT NULL,
  `value` tinyint(4) DEFAULT '0',
  `created_at` int(11) NOT NULL,
  `updated_at` int(11) NOT NULL
) ENGINE=InnoDB DEFAULT CHARSET=latin1;

--
-- Dumping data for table `groups_permissions`
--

INSERT INTO `groups_permissions` (`id`, `group_id`, `perm_id`, `value`, `created_at`, `updated_at`) VALUES
(18, 4, 23, 1, 1588610483, 1588610483),
(22, 5, 23, 1, 1588610527, 1588610527),
(24, 1, 16, 1, 1589258737, 1589258737),
(25, 1, 15, 1, 1589258737, 1589258737),
(26, 1, 17, 1, 1589258737, 1589258737),
(27, 1, 18, 1, 1589258738, 1589258738),
(28, 1, 21, 1, 1589258738, 1589258738),
(29, 1, 19, 1, 1589258739, 1589258739),
(30, 1, 20, 1, 1589258739, 1589258739),
(31, 1, 27, 1, 1589258739, 1589258739),
(32, 1, 28, 1, 1589258739, 1589258739),
(33, 1, 29, 1, 1589258739, 1589258739),
(34, 1, 30, 1, 1589258739, 1589258739),
(35, 1, 25, 1, 1589258739, 1589258739),
(36, 1, 26, 1, 1589258739, 1589258739),
(37, 1, 31, 1, 1589258739, 1589258739),
(38, 1, 32, 1, 1589258739, 1589258739),
(39, 1, 14, 1, 1589258740, 1589258740),
(40, 1, 24, 1, 1589258740, 1589258740),
(41, 1, 23, 1, 1589258740, 1589258740),
(42, 1, 22, 1, 1589258740, 1589258740),
(43, 4, 27, 1, 1589259061, 1589259061),
(44, 4, 29, 1, 1589259061, 1589259061),
(45, 4, 25, 1, 1589259062, 1589259062),
(46, 4, 31, 1, 1589259062, 1589259062),
(47, 4, 14, 1, 1589259062, 1589259062),
(48, 4, 22, 1, 1589259062, 1589259062),
(49, 5, 27, 1, 1589259212, 1589259212),
(50, 5, 29, 1, 1589259212, 1589259212),
(51, 5, 25, 1, 1589259212, 1589259212),
(52, 5, 31, 1, 1589259212, 1589259212),
(53, 5, 14, 1, 1589259212, 1589259212),
(54, 5, 24, 1, 1589259212, 1589259212),
(55, 5, 22, 1, 1589259213, 1589259213);

-- --------------------------------------------------------

--
-- Table structure for table `kabupaten`
--

CREATE TABLE `kabupaten` (
  `kode_wilayah` varchar(15) NOT NULL,
  `nama` varchar(125) NOT NULL,
  `kode_provinsi` varchar(15) NOT NULL
) ENGINE=InnoDB DEFAULT CHARSET=latin1;

--
-- Dumping data for table `kabupaten`
--

INSERT INTO `kabupaten` (`kode_wilayah`, `nama`, `kode_provinsi`) VALUES
('010100', 'Kab. Kepulauan Seribu', '010000'),
('016000', 'Kota Jakarta Pusat', '010000'),
('016100', 'Kota Jakarta Utara', '010000'),
('016200', 'Kota Jakarta Barat', '010000'),
('016300', 'Kota Jakarta Selatan', '010000'),
('016400', 'Kota Jakarta Timur', '010000'),
('020500', 'Kab. Bogor', '020000'),
('020600', 'Kab. Sukabumi', '020000'),
('020700', 'Kab. Cianjur', '020000'),
('020800', 'Kab. Bandung', '020000'),
('021000', 'Kab. Sumedang', '020000'),
('021100', 'Kab. Garut', '020000'),
('021200', 'Kab. Tasikmalaya', '020000'),
('021400', 'Kab. Ciamis', '020000'),
('021500', 'Kab. Kuningan', '020000'),
('021600', 'Kab. Majalengka', '020000'),
('021700', 'Kab. Cirebon', '020000'),
('021800', 'Kab. Indramayu', '020000'),
('021900', 'Kab. Subang', '020000'),
('022000', 'Kab. Purwakarta', '020000'),
('022100', 'Kab. Karawang', '020000'),
('022200', 'Kab. Bekasi', '020000'),
('022300', 'Kab. Bandung Barat', '020000'),
('022500', 'Kab. Pangandaran', '020000'),
('026000', 'Kota Bandung', '020000'),
('026100', 'Kota Bogor', '020000'),
('026200', 'Kota Sukabumi', '020000'),
('026300', 'Kota Cirebon', '020000'),
('026500', 'Kota Bekasi', '020000'),
('026600', 'Kota Depok', '020000'),
('026700', 'Kota Cimahi', '020000'),
('026800', 'Kota Tasikmalaya', '020000'),
('026900', 'Kota Banjar', '020000'),
('030100', 'Kab. Cilacap', '030000'),
('030200', 'Kab. Banyumas', '030000'),
('030300', 'Kab. Purbalingga', '030000'),
('030400', 'Kab. Banjarnegara', '030000'),
('030500', 'Kab. Kebumen', '030000'),
('030600', 'Kab. Purworejo', '030000'),
('030700', 'Kab. Wonosobo', '030000'),
('030800', 'Kab. Magelang', '030000'),
('030900', 'Kab. Boyolali', '030000'),
('031000', 'Kab. Klaten', '030000'),
('031100', 'Kab. Sukoharjo', '030000'),
('031200', 'Kab. Wonogiri', '030000'),
('031300', 'Kab. Karanganyar', '030000'),
('031400', 'Kab. Sragen', '030000'),
('031500', 'Kab. Grobogan', '030000'),
('031600', 'Kab. Blora', '030000'),
('031700', 'Kab. Rembang', '030000'),
('031800', 'Kab. Pati', '030000'),
('031900', 'Kab. Kudus', '030000'),
('032000', 'Kab. Jepara', '030000'),
('032100', 'Kab. Demak', '030000'),
('032200', 'Kab. Semarang', '030000'),
('032300', 'Kab. Temanggung', '030000'),
('032400', 'Kab. Kendal', '030000'),
('032500', 'Kab. Batang', '030000'),
('032600', 'Kab. Pekalongan', '030000'),
('032700', 'Kab. Pemalang', '030000'),
('032800', 'Kab. Tegal', '030000'),
('032900', 'Kab. Brebes', '030000'),
('036000', 'Kota Magelang', '030000'),
('036100', 'Kota Surakarta', '030000'),
('036200', 'Kota Salatiga', '030000'),
('036300', 'Kota Semarang', '030000'),
('036400', 'Kota Pekalongan', '030000'),
('036500', 'Kota Tegal', '030000'),
('040100', 'Kab. Bantul', '040000'),
('040200', 'Kab. Sleman', '040000'),
('040300', 'Kab. Gunung Kidul', '040000'),
('040400', 'Kab. Kulon Progo', '040000'),
('046000', 'Kota Yogyakarta', '040000'),
('050100', 'Kab. Gresik', '050000'),
('050200', 'Kab. Sidoarjo', '050000'),
('050300', 'Kab. Mojokerto', '050000'),
('050400', 'Kab. Jombang', '050000'),
('050500', 'Kab. Bojonegoro', '050000'),
('050600', 'Kab. Tuban', '050000'),
('050700', 'Kab. Lamongan', '050000'),
('050800', 'Kab. Madiun', '050000'),
('050900', 'Kab. Ngawi', '050000'),
('051000', 'Kab. Magetan', '050000'),
('051100', 'Kab. Ponorogo', '050000'),
('051200', 'Kab. Pacitan', '050000'),
('051300', 'Kab. Kediri', '050000'),
('051400', 'Kab. Nganjuk', '050000'),
('051500', 'Kab. Blitar', '050000'),
('051600', 'Kab. Tulungagung', '050000'),
('051700', 'Kab. Trenggalek', '050000'),
('051800', 'Kab. Malang', '050000'),
('051900', 'Kab. Pasuruan', '050000'),
('052000', 'Kab. Probolinggo', '050000'),
('052100', 'Kab. Lumajang', '050000'),
('052200', 'Kab. Bondowoso', '050000'),
('052300', 'Kab. Situbondo', '050000'),
('052400', 'Kab. Jember', '050000'),
('052500', 'Kab. Banyuwangi', '050000'),
('052600', 'Kab. Pamekasan', '050000'),
('052700', 'Kab. Sampang', '050000'),
('052800', 'Kab. Sumenep', '050000'),
('052900', 'Kab. Bangkalan', '050000'),
('056000', 'Kota Surabaya', '050000'),
('056100', 'Kota Malang', '050000'),
('056200', 'Kota Madiun', '050000'),
('056300', 'Kota Kediri', '050000'),
('056400', 'Kota Mojokerto', '050000'),
('056500', 'Kota Blitar', '050000'),
('056600', 'Kota Pasuruan', '050000'),
('056700', 'Kota Probolinggo', '050000'),
('056800', 'Kota Batu', '050000'),
('060100', 'Kab. Aceh Besar', '060000'),
('060200', 'Kab. Pidie', '060000'),
('060300', 'Kab. Aceh Utara', '060000'),
('060400', 'Kab. Aceh Timur', '060000'),
('060500', 'Kab. Aceh Tengah', '060000'),
('060600', 'Kab. Aceh Barat', '060000'),
('060700', 'Kab. Aceh Selatan', '060000'),
('060800', 'Kab. Aceh Tenggara', '060000'),
('061100', 'Kab. Simeulue', '060000'),
('061200', 'Kab. Bireuen', '060000'),
('061300', 'Kab. Aceh Singkil', '060000'),
('061400', 'Kab. Aceh Tamiang', '060000'),
('061500', 'Kab. Nagan Raya', '060000'),
('061600', 'Kab. Aceh Jaya', '060000'),
('061700', 'Kab. Aceh Barat Daya', '060000'),
('061800', 'Kab. Gayo Lues', '060000'),
('061900', 'Kab. Bener Meriah', '060000'),
('062000', 'Kab. Pidie Jaya', '060000'),
('066000', 'Kota Sabang', '060000'),
('066100', 'Kota Banda Aceh', '060000'),
('066200', 'Kota Lhokseumawe', '060000'),
('066300', 'Kota Langsa', '060000'),
('066400', 'Kota Subulussalam', '060000'),
('070100', 'Kab. Deli Serdang', '070000'),
('070200', 'Kab. Langkat', '070000'),
('070300', 'Kab. Karo', '070000'),
('070400', 'Kab. Simalungun', '070000'),
('070500', 'Kab. Dairi', '070000'),
('070600', 'Kab. Asahan', '070000'),
('070700', 'Kab. Labuhan Batu', '070000'),
('070800', 'Kab. Tapanuli Utara', '070000'),
('070900', 'Kab. Tapanuli Tengah', '070000'),
('071000', 'Kab. Tapanuli Selatan', '070000'),
('071100', 'Kab. Nias', '070000'),
('071500', 'Kab. Mandailing Natal', '070000'),
('071600', 'Kab. Toba Samosir', '070000'),
('071700', 'Kab. Nias Selatan', '070000'),
('071800', 'Kab. Pakpak Bharat', '070000'),
('071900', 'Kab. Humbang Hasudutan', '070000'),
('072000', 'Kab. Samosir', '070000'),
('072100', 'Kab. Serdang Bedagai', '070000'),
('072200', 'Kab. Batubara', '070000'),
('072300', 'Kab. Padang Lawas utara', '070000'),
('072400', 'Kab. Padang Lawas', '070000'),
('072500', 'Kab. Labuhan Batu Utara', '070000'),
('072600', 'Kab. Labuhan Batu Selatan', '070000'),
('072700', 'Kab. Nias Barat', '070000'),
('072800', 'Kab. Nias Utara', '070000'),
('076000', 'Kota Medan', '070000'),
('076100', 'Kota Binjai', '070000'),
('076200', 'Kota Tebing Tinggi', '070000'),
('076300', 'Kota Pematangsiantar', '070000'),
('076400', 'Kota Tanjung Balai', '070000'),
('076500', 'Kota Sibolga', '070000'),
('076600', 'Kota Padang Sidimpuan', '070000'),
('076700', 'Kota Gunungsitoli', '070000'),
('080100', 'Kab. Agam', '080000'),
('080200', 'Kab. Pasaman', '080000'),
('080300', 'Kab. Lima Puluh Koto', '080000'),
('080400', 'Kab. Solok', '080000'),
('080500', 'Kab. Padang Pariaman', '080000'),
('080600', 'Kab. Pesisir Selatan', '080000'),
('080700', 'Kab. Tanah Datar', '080000'),
('080800', 'Kab. Sijunjung', '080000'),
('081000', 'Kab. Kepulauan Mentawai', '080000'),
('081100', 'Kab. Solok Selatan', '080000'),
('081200', 'Kab. Dharmasraya', '080000'),
('081300', 'Kab. Pasaman Barat', '080000'),
('086000', 'Kota Bukittinggi', '080000'),
('086100', 'Kota Padang', '080000'),
('086200', 'Kota Padang Panjang', '080000'),
('086300', 'Kota Sawah Lunto', '080000'),
('086400', 'Kota Solok', '080000'),
('086500', 'Kota Payakumbuh', '080000'),
('086600', 'Kota Pariaman', '080000'),
('090100', 'Kab. Kampar', '090000'),
('090200', 'Kab. Bengkalis', '090000'),
('090400', 'Kab. Indragiri Hulu', '090000'),
('090500', 'Kab. Indragiri Hilir', '090000'),
('090800', 'Kab. Pelalawan', '090000'),
('090900', 'Kab. Rokan Hulu', '090000'),
('091000', 'Kab. Rokan Hilir', '090000'),
('091100', 'Kab. Siak', '090000'),
('091400', 'Kab. Kuantan Singingi', '090000'),
('091500', 'Kab. Kepulauan Meranti', '090000'),
('096000', 'Kota Pekanbaru', '090000'),
('096200', 'Kota Dumai', '090000'),
('100100', 'Kab. Batang Hari', '100000'),
('100200', 'Kab. Bungo', '100000'),
('100300', 'Kab. Sarolangun', '100000'),
('100400', 'Kab. Tanjung Jabung Barat', '100000'),
('100500', 'Kab. Kerinci', '100000'),
('100600', 'Kab. Tebo', '100000'),
('100700', 'Kab. Muaro Jambi', '100000'),
('100800', 'Kab. Tanjung Jabung Timur', '100000'),
('100900', 'Kab. Merangin', '100000'),
('106000', 'Kota Jambi', '100000'),
('106100', 'Kota Sungai Penuh', '100000'),
('110100', 'Kab. Musi Banyuasin', '110000'),
('110200', 'Kab. Ogan Komering Ilir', '110000'),
('110300', 'Kab. Ogan Komering Ulu', '110000'),
('110400', 'Kab. Muara Enim', '110000'),
('110500', 'Kab. Lahat', '110000'),
('110600', 'Kab. Musi Rawas', '110000'),
('110700', 'Kab. Banyuasin', '110000'),
('110800', 'Kab. Ogan Komering Ulu Timur', '110000'),
('110900', 'Kab. Ogan Komering Ulu Selatan', '110000'),
('111000', 'Kab. Ogan Ilir', '110000'),
('111100', 'Kab. Empat Lawang', '110000'),
('111200', 'Kab. Penukal Abab Lematang Ilir', '110000'),
('111300', 'Kab. Musi Rawas Utara', '110000'),
('116000', 'Kota Palembang', '110000'),
('116100', 'Kota Prabumulih', '110000'),
('116200', 'Kota Lubuk Linggau', '110000'),
('116300', 'Kota Pagar Alam', '110000'),
('120100', 'Kab. Lampung Selatan', '120000'),
('120200', 'Kab. Lampung Tengah', '120000'),
('120300', 'Kab. Lampung Utara', '120000'),
('120400', 'Kab. Lampung Barat', '120000'),
('120500', 'Kab. Tulang Bawang', '120000'),
('120600', 'Kab. Tanggamus', '120000'),
('120700', 'Kab. Lampung Timur', '120000'),
('120800', 'Kab. Way Kanan', '120000'),
('120900', 'Kab. Pesawaran', '120000'),
('121000', 'Kab. Pringsewu', '120000'),
('121100', 'Kab. Mesuji', '120000'),
('121200', 'Kab. Tulang Bawang Barat', '120000'),
('121300', 'Kab. Pesisir Barat', '120000'),
('126000', 'Kota Bandar Lampung', '120000'),
('126100', 'Kota Metro', '120000'),
('130100', 'Kab. Sambas', '130000'),
('130200', 'Kab. Mempawah', '130000'),
('130300', 'Kab. Sanggau', '130000'),
('130400', 'Kab. Sintang', '130000'),
('130500', 'Kab. Kapuas Hulu', '130000'),
('130600', 'Kab. Ketapang', '130000'),
('130800', 'Kab. Bengkayang', '130000'),
('130900', 'Kab. Landak', '130000'),
('131000', 'Kab. Sekadau', '130000'),
('131100', 'Kab. Melawi', '130000'),
('131200', 'Kab. Kayong Utara', '130000'),
('131300', 'Kab. Kuburaya', '130000'),
('136000', 'Kota Pontianak', '130000'),
('136100', 'Kota Singkawang', '130000'),
('140100', 'Kab. Kapuas', '140000'),
('140200', 'Kab. Barito Selatan', '140000'),
('140300', 'Kab. Barito Utara', '140000'),
('140400', 'Kab. Kotawaringin Timur', '140000'),
('140500', 'Kab. Kotawaringin Barat', '140000'),
('140600', 'Kab. Katingan', '140000'),
('140700', 'Kab. Seruyan', '140000'),
('140800', 'Kab. Sukamara', '140000'),
('140900', 'Kab. Lamandau', '140000'),
('141000', 'Kab. Gunung Mas', '140000'),
('141100', 'Kab. Pulang Pisau', '140000'),
('141200', 'Kab. Murung Raya', '140000'),
('141300', 'Kab. Barito Timur', '140000'),
('146000', 'Kota Palangka Raya', '140000'),
('150100', 'Kab. Banjar', '150000'),
('150200', 'Kab. Tanah Laut', '150000'),
('150300', 'Kab. Barito Kuala', '150000'),
('150400', 'Kab. Tapin', '150000'),
('150500', 'Kab. Hulu Sungai Selatan', '150000'),
('150600', 'Kab. Hulu Sungai Tengah', '150000'),
('150700', 'Kab. Hulu Sungai Utara', '150000'),
('150800', 'Kab. Tabalong', '150000'),
('150900', 'Kab. Kotabaru', '150000'),
('151000', 'Kab. Balangan', '150000'),
('151100', 'Kab. Tanah Bumbu', '150000'),
('156000', 'Kota Banjarmasin', '150000'),
('156100', 'Kota Banjarbaru', '150000'),
('160100', 'Kab. Paser', '160000'),
('160200', 'Kab. Kutai Kartanegara', '160000'),
('160300', 'Kab. Berau', '160000'),
('160900', 'Kab. Kutai Barat', '160000'),
('161000', 'Kab. Kutai Timur', '160000'),
('161100', 'Kab. Penajam Paser Utara', '160000'),
('161200', 'Kab. Mahakam Ulu', '160000'),
('166000', 'Kota Samarinda', '160000'),
('166100', 'Kota Balikpapan', '160000'),
('166300', 'Kota Bontang', '160000'),
('170100', 'Kab. Bolaang Mongondow', '170000'),
('170200', 'Kab. Minahasa', '170000'),
('170300', 'Kab. Kep. Sangihe', '170000'),
('170400', 'Kab. Kepulauan Talaud', '170000'),
('170500', 'Kab. Minahasa Selatan', '170000'),
('170600', 'Kab. Minahasa Utara', '170000'),
('170800', 'Kab. Bolaang Mongondow Utara', '170000'),
('170900', 'Kab. Kepulauan Siau Tagulandang Biaro', '170000'),
('171000', 'Kab. Minahasa Tenggara', '170000'),
('171100', 'Kab. Bolaang Mongondow Timur', '170000'),
('171200', 'Kab. Bolaang Mongondow Selatan', '170000'),
('176000', 'Kota Manado', '170000'),
('176100', 'Kota Bitung', '170000'),
('176200', 'Kota Tomohon', '170000'),
('176300', 'Kota Kotamobagu', '170000'),
('180100', 'Kab. Banggai Kepulauan', '180000'),
('180200', 'Kab. Donggala', '180000'),
('180300', 'Kab. Poso', '180000'),
('180400', 'Kab. Banggai', '180000'),
('180500', 'Kab. Buol', '180000'),
('180600', 'Kab. Tolitoli', '180000'),
('180700', 'Kab. Morowali', '180000'),
('180800', 'Kab. Parigi Moutong', '180000'),
('180900', 'Kab. Tojo Una-Una', '180000'),
('181000', 'Kab. Sigi', '180000'),
('181100', 'Kab. Banggai Laut', '180000'),
('181200', 'Kab. Morowali Utara', '180000'),
('186000', 'Kota Palu', '180000'),
('190100', 'Kab. Maros', '190000'),
('190200', 'Kab. Pangkajene Kepulauan', '190000'),
('190300', 'Kab. Gowa', '190000'),
('190400', 'Kab. Takalar', '190000'),
('190500', 'Kab. Jeneponto', '190000'),
('190600', 'Kab. Barru', '190000'),
('190700', 'Kab. Bone', '190000'),
('190800', 'Kab. Wajo', '190000'),
('190900', 'Kab. Soppeng', '190000'),
('191000', 'Kab. Bantaeng', '190000'),
('191100', 'Kab. Bulukumba', '190000'),
('191200', 'Kab. Sinjai', '190000'),
('191300', 'Kab. Kepulauan Selayar', '190000'),
('191400', 'Kab. Pinrang', '190000'),
('191500', 'Kab. Sidenreng Rappang', '190000'),
('191600', 'Kab. Enrekang', '190000'),
('191700', 'Kab. Luwu', '190000'),
('191800', 'Kab. Tana Toraja', '190000'),
('192400', 'Kab. Luwu Utara', '190000'),
('192600', 'Kab. Luwu Timur', '190000'),
('192700', 'Kab. Toraja Utara', '190000'),
('196000', 'Kota Makassar', '190000'),
('196100', 'Kota Parepare', '190000'),
('196200', 'Kota Palopo', '190000'),
('200100', 'Kab. Konawe', '200000'),
('200200', 'Kab. Muna', '200000'),
('200300', 'Kab. Buton', '200000'),
('200400', 'Kab. Kolaka', '200000'),
('200500', 'Kab. Konawe Selatan', '200000'),
('200600', 'Kab. Wakatobi', '200000'),
('200700', 'Kab. Bombana', '200000'),
('200800', 'Kab. Kolaka Utara', '200000'),
('200900', 'Kab. Konawe Utara', '200000'),
('201000', 'Kab. Buton Utara', '200000'),
('201100', 'Kab. Kolaka Timur', '200000'),
('201200', 'Kab. Konawe Kepulauan', '200000'),
('201300', 'Kab. Muna Barat', '200000'),
('201400', 'Kab. Buton Selatan', '200000'),
('201600', 'Kab. Buton Tengah', '200000'),
('206000', 'Kota Kendari', '200000'),
('206100', 'Kota Baubau', '200000'),
('210100', 'Kab. Maluku Tengah', '210000'),
('210200', 'Kab. Maluku Tenggara', '210000'),
('210300', 'Kab. Buru', '210000'),
('210400', 'Kab. Maluku Tenggara Barat', '210000'),
('210500', 'Kab. Seram Bagian Barat', '210000'),
('210600', 'Kab. Seram Bagian Timur', '210000'),
('210700', 'Kab. Kepulauan Aru', '210000'),
('210800', 'Kab. Maluku Barat Daya', '210000'),
('210900', 'Kab. Buru Selatan', '210000'),
('216000', 'Kota Ambon', '210000'),
('216100', 'Kota Tual', '210000'),
('220100', 'Kab. Buleleng', '220000'),
('220200', 'Kab. Jembrana', '220000'),
('220300', 'Kab. Tabanan', '220000'),
('220400', 'Kab. Badung', '220000'),
('220500', 'Kab. Gianyar', '220000'),
('220600', 'Kab. Klungkung', '220000'),
('220700', 'Kab. Bangli', '220000'),
('220800', 'Kab. Karang Asem', '220000'),
('226000', 'Kota Denpasar', '220000'),
('230100', 'Kab. Lombok Barat', '230000'),
('230200', 'Kab. Lombok Tengah', '230000'),
('230300', 'Kab. Lombok Timur', '230000'),
('230400', 'Kab. Sumbawa', '230000'),
('230500', 'Kab. Dompu', '230000'),
('230600', 'Kab. Bima', '230000'),
('230700', 'Kab. Sumbawa Barat', '230000'),
('230800', 'Kab. Lombok Utara', '230000'),
('236000', 'Kota Mataram', '230000'),
('236100', 'Kota Bima', '230000'),
('240100', 'Kab. Kupang', '240000'),
('240300', 'Kab. Timor Tengah Selatan', '240000'),
('240400', 'Kab. Timor Tengah Utara', '240000'),
('240500', 'Kab. Belu', '240000'),
('240600', 'Kab. Alor', '240000'),
('240700', 'Kab. Flores Timur', '240000'),
('240800', 'Kab. Sikka', '240000'),
('240900', 'Kab. Ende', '240000'),
('241000', 'Kab. Ngada', '240000'),
('241100', 'Kab. Manggarai', '240000'),
('241200', 'Kab. Sumba Timur', '240000'),
('241300', 'Kab. Sumba Barat', '240000'),
('241400', 'Kab. Lembata', '240000'),
('241500', 'Kab. Rote-Ndao', '240000'),
('241600', 'Kab. Manggarai Barat', '240000'),
('241700', 'Kab. Nagakeo', '240000'),
('241800', 'Kab. Sumba Tengah', '240000'),
('241900', 'Kab. Sumba Barat Daya', '240000'),
('242000', 'Kab. Manggarai Timur', '240000'),
('242100', 'Kab. Sabu Raijua', '240000'),
('242200', 'Kab. Malaka', '240000'),
('246000', 'Kota Kupang', '240000'),
('250100', 'Kab. Jayapura', '250000'),
('250200', 'Kab. Biak Numfor', '250000'),
('250300', 'Kab. Kepulauan Yapen', '250000'),
('250700', 'Kab. Merauke', '250000'),
('250800', 'Kab. Jaya Wijaya', '250000'),
('250900', 'Kab. Nabire', '250000'),
('251000', 'Kab. Paniai', '250000'),
('251100', 'Kab. Puncak Jaya', '250000'),
('251200', 'Kab. Mimika', '250000'),
('251300', 'Kab. Boven Digoel', '250000'),
('251400', 'Kab. Mappi', '250000'),
('251500', 'Kab. Asmat', '250000'),
('251600', 'Kab. Yahukimo', '250000'),
('251700', 'Kab. Pegunungan Bintang', '250000'),
('251800', 'Kab. Tolikara', '250000'),
('251900', 'Kab. Sarmi', '250000'),
('252000', 'Kab. Keerom', '250000'),
('252600', 'Kab. Waropen', '250000'),
('252700', 'Kab. Supiori', '250000'),
('252800', 'Kab. Memberamo Raya', '250000'),
('252900', 'Kab. Nduga', '250000'),
('253000', 'Kab. Lanny Jaya', '250000'),
('253100', 'Kab. Membramo Tengah', '250000'),
('253200', 'Kab. Yalimo', '250000'),
('253300', 'kab. Puncak', '250000'),
('253400', 'Kab. Dogiyai', '250000'),
('253500', 'Kab. Deiyai', '250000'),
('253600', 'Kab. Intan Jaya', '250000'),
('256000', 'Kota Jayapura', '250000'),
('260100', 'Kab. Bengkulu Utara', '260000'),
('260200', 'Kab. Rejang Lebong', '260000'),
('260300', 'Kab. Bengkulu Selatan', '260000'),
('260400', 'Kab. Muko-muko', '260000'),
('260500', 'Kab. Kepahiang', '260000'),
('260600', 'Kab. Lebong', '260000'),
('260700', 'Kab. Kaur', '260000'),
('260800', 'Kab. Seluma', '260000'),
('260900', 'Kab. Bengkulu Tengah', '260000'),
('266000', 'Kota Bengkulu', '260000'),
('270100', 'Kab. Pulau Taliabu', '270000'),
('270200', 'Kab. Halmahera Tengah', '270000'),
('270300', 'Kab. Halmahera Barat', '270000'),
('270400', 'Kab. halmahera Utara', '270000'),
('270500', 'Kab. Halmahera Selatan', '270000'),
('270600', 'Kab. Halmahera Timur', '270000'),
('270700', 'Kab. Kepulauan Sula', '270000'),
('270800', 'Kab. Kepulauan Morotai', '270000'),
('276000', 'Kota Ternate', '270000'),
('276100', 'Kota Tidore Kepulauan', '270000'),
('280100', 'Kab. Pandeglang', '280000'),
('280200', 'Kab. Lebak', '280000'),
('280300', 'Kab. Tangerang', '280000'),
('280400', 'Kab. Serang', '280000'),
('286000', 'Kota Cilegon', '280000'),
('286100', 'Kota Tangerang', '280000'),
('286200', 'Kota Serang', '280000'),
('286300', 'Kota Tangerang Selatan', '280000'),
('290100', 'Kab. Bangka', '290000'),
('290200', 'Kab. Belitung', '290000'),
('290300', 'Kab. Bangka Tengah', '290000'),
('290400', 'Kab. Bangka Barat', '290000'),
('290500', 'Kab. Bangka Selatan', '290000'),
('290600', 'Kab. Belitung Timur', '290000'),
('296000', 'Kota Pangkalpinang', '290000'),
('300100', 'Kab. Boalemo', '300000'),
('300200', 'Kab. Gorontalo', '300000'),
('300300', 'Kab. Pohuwato', '300000'),
('300400', 'Kab. Bone Bolango', '300000'),
('300500', 'Kab. Gorontalo Utara', '300000'),
('306000', 'Kota Gorontalo', '300000'),
('310100', 'Kab. Bintan', '310000'),
('310200', 'Kab. Karimun', '310000'),
('310300', 'Kab. Natuna', '310000'),
('310400', 'Kab. Lingga', '310000'),
('310500', 'Kab. Kepulauan Anambas', '310000'),
('316000', 'Kota Batam', '310000'),
('316100', 'Kota Tanjungpinang', '310000'),
('320100', 'Kab. Fak-Fak', '320000'),
('320200', 'Kab. Kaimana', '320000'),
('320300', 'Kab. Teluk Wondama', '320000'),
('320400', 'Kab. Teluk Bintuni', '320000'),
('320500', 'Kab. Manokwari', '320000'),
('320600', 'Kab. Sorong Selatan', '320000'),
('320700', 'Kab. Sorong', '320000'),
('320800', 'Kab. Raja Ampat', '320000'),
('320900', 'Kab. Tambrauw', '320000'),
('321000', 'Kab. Maybrat', '320000'),
('321100', 'Kab. Pegunungan Arfak', '320000'),
('321200', 'Kab. Manokwari Selatan', '320000'),
('326000', 'Kota Sorong', '320000'),
('330100', 'Kab. Mamuju', '330000'),
('330200', 'Kab. Pasangkayu', '330000'),
('330300', 'Kab. Polewali Mandar', '330000'),
('330400', 'Kab. Mamasa', '330000'),
('330500', 'Kab. Majene', '330000'),
('330600', 'Kab. Mamuju Tengah', '330000'),
('340100', 'Kab. Malinau', '340000'),
('340200', 'Kab. Bulungan', '340000'),
('340300', 'Kab. Tana Tidung', '340000'),
('340500', 'Kab. Nunukan', '340000'),
('346000', 'Kota Tarakan', '340000');

-- --------------------------------------------------------

--
-- Table structure for table `kecamatan`
--

CREATE TABLE `kecamatan` (
  `kode_wilayah` varchar(15) NOT NULL,
  `nama` varchar(125) NOT NULL,
  `kode_kabupaten` varchar(15) NOT NULL
) ENGINE=InnoDB DEFAULT CHARSET=latin1;

--
-- Dumping data for table `kecamatan`
--

INSERT INTO `kecamatan` (`kode_wilayah`, `nama`, `kode_kabupaten`) VALUES
('010101', 'Kec. Kepulauan Seribu Selatan', '010100'),
('010102', 'Kec. Kepulauan Seribu Utara', '010100'),
('016001', 'Kec. Tanah Abang', '016000'),
('016002', 'Kec. Menteng', '016000'),
('016003', 'Kec. Senen', '016000'),
('016004', 'Kec. Johar Baru', '016000'),
('016005', 'Kec. Cempaka Putih', '016000'),
('016006', 'Kec. Kemayoran', '016000'),
('016007', 'Kec. Sawah Besar', '016000'),
('016008', 'Kec. Gambir', '016000'),
('016101', 'Kec. Penjaringan', '016100'),
('016102', 'Kec. Pademangan', '016100'),
('016103', 'Kec. Tanjung Priok', '016100'),
('016104', 'Kec. Koja', '016100'),
('016105', 'Kec. Kelapa Gading', '016100'),
('016106', 'Kec. Cilincing', '016100'),
('016201', 'Kec. Kembangan', '016200'),
('016202', 'Kec. Kebon Jeruk', '016200'),
('016203', 'Kec. Palmerah', '016200'),
('016204', 'Kec. Grogol Petamburan', '016200'),
('016205', 'Kec. Tambora', '016200'),
('016206', 'Kec. Taman Sari', '016200'),
('016207', 'Kec. Cengkareng', '016200'),
('016208', 'Kec. Kali Deres', '016200'),
('016301', 'Kec. Jagakarsa', '016300'),
('016302', 'Kec. Pasar Minggu', '016300'),
('016303', 'Kec. Cilandak', '016300'),
('016304', 'Kec. Pesanggrahan', '016300'),
('016305', 'Kec. Kebayoran Lama', '016300'),
('016306', 'Kec. Kebayoran Baru', '016300'),
('016307', 'Kec. Mampang Prapatan', '016300'),
('016308', 'Kec. Pancoran', '016300'),
('016309', 'Kec. Tebet', '016300'),
('016310', 'Kec. Setia Budi', '016300'),
('016401', 'Kec. Pasar Rebo', '016400'),
('016402', 'Kec. Ciracas', '016400'),
('016403', 'Kec. Cipayung', '016400'),
('016404', 'Kec. Makasar', '016400'),
('016405', 'Kec. Kramat Jati', '016400'),
('016406', 'Kec. Jatinegara', '016400'),
('016407', 'Kec. Duren Sawit', '016400'),
('016408', 'Kec. Cakung', '016400'),
('016409', 'Kec. Pulo Gadung', '016400'),
('016410', 'Kec. Matraman', '016400'),
('020501', 'Kec. Nanggung', '020500'),
('020502', 'Kec. Leuwiliang', '020500'),
('020503', 'Kec. Pamijahan', '020500'),
('020504', 'Kec. Cibungbulang', '020500'),
('020505', 'Kec. Ciampea', '020500'),
('020506', 'Kec. Dramaga', '020500'),
('020507', 'Kec. Ciomas', '020500'),
('020508', 'Kec. Cijeruk', '020500'),
('020509', 'Kec. Caringin', '020500'),
('020510', 'Kec. Ciawi', '020500'),
('020511', 'Kec. Cisarua', '020500'),
('020512', 'Kec. Megamendung', '020500'),
('020513', 'Kec. Sukaraja', '020500'),
('020514', 'Kec. Babakan Madang', '020500'),
('020515', 'Kec. Sukamakmur', '020500'),
('020516', 'Kec. Cariu', '020500'),
('020517', 'Kec. Jonggol', '020500'),
('020518', 'Kec. Cileungsi', '020500'),
('020519', 'Kec. Gunungputri', '020500'),
('020520', 'Kec. Citeureup', '020500'),
('020521', 'Kec. Cibinong', '020500'),
('020522', 'Kec. Bojong Gede', '020500'),
('020523', 'Kec. Kemang', '020500'),
('020524', 'Kec. Parung', '020500'),
('020525', 'Kec. Gunung Sindur', '020500'),
('020526', 'Kec. Rumpin', '020500'),
('020527', 'Kec. Cigudeg', '020500'),
('020528', 'Kec. Jasinga', '020500'),
('020529', 'Kec. Tenjo', '020500'),
('020530', 'Kec. Parungpanjang', '020500'),
('020531', 'Kec. Tamansari', '020500'),
('020532', 'Kec. Ciseeng', '020500'),
('020533', 'Kec. Klapanunggal', '020500'),
('020534', 'Kec. Sukajaya', '020500'),
('020535', 'Kec. Ranca Bungur', '020500'),
('020536', 'Kec. Tanjung Sari', '020500'),
('020537', 'Kec. Tajurhalang', '020500'),
('020538', 'Kec. Cigombong', '020500'),
('020539', 'Kec. Leuwisadeng', '020500'),
('020540', 'Kec. Tenjolaya', '020500'),
('020601', 'Kec. Ciemas', '020600'),
('020602', 'Kec. Ciracap', '020600'),
('020603', 'Kec. Surade', '020600'),
('020604', 'Kec. Jampang Kulon', '020600'),
('020605', 'Kec. Kalibunder', '020600'),
('020606', 'Kec. Tegalbuleud', '020600'),
('020607', 'Kec. Cidolog', '020600'),
('020608', 'Kec. Sagaranten', '020600'),
('020609', 'Kec. Pabuaran', '020600'),
('020610', 'Kec. Lengkong', '020600'),
('020611', 'Kec. Pelabuhan Ratu', '020600'),
('020612', 'Kec. Warung Kiara', '020600'),
('020613', 'Kec. Jampang Tengah', '020600'),
('020614', 'Kec. Cikembar', '020600'),
('020615', 'Kec. Nyalindung', '020600'),
('020616', 'Kec. Gegerbitung', '020600'),
('020617', 'Kec. Sukaraja', '020600'),
('020618', 'Kec. Sukabumi', '020600'),
('020619', 'Kec. Kadudampit', '020600'),
('020620', 'Kec. Cisaat', '020600'),
('020621', 'Kec. Cibadak', '020600'),
('020622', 'Kec. Nagrak', '020600'),
('020623', 'Kec. Cicurug', '020600'),
('020624', 'Kec. Cidahu', '020600'),
('020625', 'Kec. Parakansalak', '020600'),
('020626', 'Kec. Parungkuda', '020600'),
('020627', 'Kec. Kalapa Nunggal', '020600'),
('020628', 'Kec. Cikidang', '020600'),
('020629', 'Kec. Cisolok', '020600'),
('020630', 'Kec. Kabandungan', '020600'),
('020631', 'Kec. Gunung Guruh', '020600'),
('020632', 'Kec. Cikakak', '020600'),
('020633', 'Kec. Bantar Gadung', '020600'),
('020634', 'Kec. Cicantayan', '020600'),
('020635', 'Kec. Simpenan', '020600'),
('020636', 'Kec. Kebon Pedes', '020600'),
('020637', 'Kec. Cidadap', '020600'),
('020638', 'Kec. Cibitung', '020600'),
('020639', 'Kec. Curugkembar', '020600'),
('020640', 'Kec. Purabaya', '020600'),
('020641', 'Kec. Cireunghas', '020600'),
('020642', 'Kec. Sukalarang', '020600'),
('020643', 'Kec. Caringin', '020600'),
('020644', 'Kec. Bojong Genteng', '020600'),
('020645', 'Kec. Waluran', '020600'),
('020646', 'Kec. Cimanggu', '020600'),
('020647', 'Kec. Ciambar', '020600'),
('020701', 'Kec. Agrabinta', '020700'),
('020702', 'Kec. Sindang Barang', '020700'),
('020703', 'Kec. Cidaun', '020700'),
('020704', 'Kec. Naringgul', '020700'),
('020705', 'Kec. Cibinong', '020700'),
('020706', 'Kec. Tanggeung', '020700'),
('020707', 'Kec. Kadupandak', '020700'),
('020708', 'Kec. Takokak', '020700'),
('020709', 'Kec. Sukanagara', '020700'),
('020710', 'Kec. Pagelaran', '020700'),
('020711', 'Kec. Campaka', '020700'),
('020712', 'Kec. Cibeber', '020700'),
('020713', 'Kec. Warungkondang', '020700'),
('020714', 'Kec. Cilaku', '020700'),
('020715', 'Kec. Sukaluyu', '020700'),
('020717', 'Kec. Ciranjang', '020700'),
('020718', 'Kec. Mande', '020700'),
('020719', 'Kec. Karang Tengah', '020700'),
('020720', 'Kec. Cianjur', '020700'),
('020721', 'Kec. Cugenang', '020700'),
('020722', 'Kec. Pacet', '020700'),
('020723', 'Kec. Sukaresmi', '020700'),
('020724', 'Kec. Cikalong Kulon', '020700'),
('020725', 'Kec. Bojong Picung', '020700'),
('020726', 'Kec. Campaka Mulya', '020700'),
('020727', 'Kec. Cikadu', '020700'),
('020728', 'Kec. Leles', '020700'),
('020729', 'Kec. Cijati', '020700'),
('020730', 'Kec. Gekbrong', '020700'),
('020731', 'Kec. Cipanas', '020700'),
('020732', 'Kec. Haurwangi', '020700'),
('020733', 'Kec. Pasirkuda', '020700'),
('020801', 'Kec. Ciwidey', '020800'),
('020802', 'Kec. Pasirjambu', '020800'),
('020803', 'Kec. Cimaung', '020800'),
('020804', 'Kec. Pangalengan', '020800'),
('020805', 'Kec. Kertasari', '020800'),
('020806', 'Kec. Pacet', '020800'),
('020807', 'Kec. Ibun', '020800'),
('020808', 'Kec. Paseh', '020800'),
('020809', 'Kec. Cikancung', '020800'),
('020810', 'Kec. Cicalengka', '020800'),
('020811', 'Kec. Rancaekek', '020800'),
('020812', 'Kec. Majalaya', '020800'),
('020813', 'Kec. Ciparay', '020800'),
('020814', 'Kec. Baleendah', '020800'),
('020815', 'Kec. Arjasari', '020800'),
('020816', 'Kec. Banjaran', '020800'),
('020817', 'Kec. Pameungpeuk', '020800'),
('020818', 'Kec. Katapang', '020800'),
('020819', 'Kec. Soreang', '020800'),
('020820', 'Kec. Margaasih', '020800'),
('020821', 'Kec. Margahayu', '020800'),
('020822', 'Kec. Dayeuhkolot', '020800'),
('020823', 'Kec. Bojongsoang', '020800'),
('020824', 'Kec. Cileunyi', '020800'),
('020825', 'Kec. Cilengkrang', '020800'),
('020826', 'Kec. Cimenyan', '020800'),
('020829', 'Kec. Rancabali', '020800'),
('020830', 'Kec. Nagreg', '020800'),
('020831', 'Kec. Solokanjeruk', '020800'),
('020832', 'Kec. Cangkuang', '020800'),
('020833', 'Kec. Kutawaringin', '020800'),
('021001', 'Kec. Jatinangor', '021000'),
('021002', 'Kec. Cimanggung', '021000'),
('021003', 'Kec. Tanjungsari', '021000'),
('021004', 'Kec. Rancakalong', '021000'),
('021005', 'Kec. Sumedang Selatan', '021000'),
('021006', 'Kec. Sumedang Utara', '021000'),
('021007', 'Kec. Situraja', '021000'),
('021008', 'Kec. Darmaraja', '021000'),
('021009', 'Kec. Cibugel', '021000'),
('021010', 'Kec. Wado', '021000'),
('021012', 'Kec. Tomo', '021000'),
('021013', 'Kec. Ujungjaya', '021000'),
('021014', 'Kec. Conggeang', '021000'),
('021015', 'Kec. Paseh', '021000'),
('021016', 'Kec. Cimalaka', '021000'),
('021017', 'Kec. Tanjungkerta', '021000'),
('021018', 'Kec. Buahdua', '021000'),
('021019', 'Kec. Ganeas', '021000'),
('021020', 'Kec. Jatigede', '021000'),
('021023', 'Kec. Pamulihan', '021000'),
('021024', 'Kec. Cisitu', '021000'),
('021025', 'Kec. Jatinunggal', '021000'),
('021026', 'Kec. Cisarua', '021000'),
('021027', 'Kec. Tanjungmedar', '021000'),
('021028', 'Kec. Surian', '021000'),
('021029', 'Kec. Sukasari', '021000'),
('021101', 'Kec. Talegong', '021100'),
('021102', 'Kec. Cisewu', '021100'),
('021103', 'Kec. Bungbulang', '021100'),
('021104', 'Kec. Pamulihan', '021100'),
('021105', 'Kec. Pakenjeng', '021100'),
('021106', 'Kec. Cikelet', '021100'),
('021107', 'Kec. Pameungpeuk', '021100'),
('021108', 'Kec. Cibalong', '021100'),
('021109', 'Kec. Cisompet', '021100'),
('021110', 'Kec. Peundeuy', '021100'),
('021111', 'Kec. Singajaya', '021100'),
('021112', 'Kec. Cikajang', '021100'),
('021113', 'Kec. Banjarwangi', '021100'),
('021114', 'Kec. Cilawu', '021100'),
('021115', 'Kec. Bayongbong', '021100'),
('021116', 'Kec. Cisurupan', '021100'),
('021117', 'Kec. Samarang', '021100'),
('021119', 'Kec. Garut Kota', '021100'),
('021120', 'Kec. Karangpawitan', '021100'),
('021121', 'Kec. Wanaraja', '021100'),
('021122', 'Kec. Sukawening', '021100'),
('021123', 'Kec. Banyuresmi', '021100'),
('021124', 'Kec. Leles', '021100'),
('021125', 'Kec. Leuwigoong', '021100'),
('021126', 'Kec. Cibatu', '021100'),
('021127', 'Kec. Cibiuk', '021100'),
('021128', 'Kec. Kadungora', '021100'),
('021129', 'Kec. Blubur Limbangan', '021100'),
('021130', 'Kec. Selaawi', '021100'),
('021131', 'Kec. Malangbong', '021100'),
('021132', 'Kec. Mekarmukti', '021100'),
('021133', 'Kec. Caringin', '021100'),
('021134', 'Kec. Cihurip', '021100'),
('021135', 'Kec. Sukaresmi', '021100'),
('021136', 'Kec. Pasirwangi', '021100'),
('021137', 'Kec. Karangtengah', '021100'),
('021138', 'Kec. Kersamanah', '021100'),
('021139', 'Kec. Tarogong Kaler', '021100'),
('021140', 'Kec. Tarogong Kidul', '021100'),
('021141', 'Kec. Cigedug', '021100'),
('021142', 'Kec. Sucinaraja', '021100'),
('021143', 'Kec. Pangatikan', '021100'),
('021201', 'Kec. Cipatujah', '021200'),
('021202', 'Kec. Karangnunggal', '021200'),
('021203', 'Kec. Cikalong', '021200'),
('021204', 'Kec. Pancatengah', '021200'),
('021205', 'Kec. Cikatomas', '021200'),
('021206', 'Kec. Cibalong', '021200'),
('021207', 'Kec. Bantarkalong', '021200'),
('021208', 'Kec. Bojonggambir', '021200'),
('021209', 'Kec. Sodonghilir', '021200'),
('021235', 'Kec. Jatiwaras', '021200'),
('021236', 'Kec. Mangunreja', '021200'),
('021237', 'Kec. Gunungtanjung', '021200'),
('021238', 'Kec. Karangjaya', '021200'),
('021239', 'Kec. Padakembang', '021200'),
('021240', 'Kec. Sukahening', '021200'),
('021241', 'Kec. Kadipaten', '021200'),
('021242', 'Kec. Sukaresik', '021200'),
('021410', 'Kec. Banjarsari', '021400'),
('021411', 'Kec. Lakbok', '021400'),
('021412', 'Kec. Pamarican', '021400'),
('021413', 'Kec. Cidolog', '021400'),
('021414', 'Kec. Cimaragas', '021400'),
('021415', 'Kec. Cijeungjing', '021400'),
('021416', 'Kec. Cisaga', '021400'),
('021417', 'Kec. Tambaksari', '021400'),
('021418', 'Kec. Rancah', '021400'),
('021419', 'Kec. Rajadesa', '021400'),
('021420', 'Kec. Sukadana', '021400'),
('021421', 'Kec. Ciamis', '021400'),
('021422', 'Kec. Cikoneng', '021400'),
('021423', 'Kec. Cihaurbeuti', '021400'),
('021424', 'Kec. Sadananya', '021400'),
('021425', 'Kec. Cipaku', '021400'),
('021426', 'Kec. Jatinagara', '021400'),
('021427', 'Kec. Panawangan', '021400'),
('021428', 'Kec. Kawali', '021400'),
('021429', 'Kec. Panjalu', '021400'),
('021430', 'Kec. Panumbangan', '021400'),
('021431', 'Kec. Sukamantri', '021400'),
('021432', 'Kec. Sindangkasih', '021400'),
('021433', 'Kec. Purwadadi', '021400'),
('021434', 'Kec. Baregbeg', '021400'),
('021435', 'Kec. Lumbung', '021400'),
('021438', 'Kec. Banjaranyar', '021400'),
('021501', 'Kec. Darma', '021500'),
('021502', 'Kec. Kadugede', '021500'),
('021503', 'Kec. Ciniru', '021500'),
('021504', 'Kec. Selajambe', '021500'),
('021505', 'Kec. Subang', '021500'),
('021506', 'Kec. Ciwaru', '021500'),
('021507', 'Kec. Cibingbin', '021500'),
('021508', 'Kec. Luragung', '021500'),
('021509', 'Kec. Cidahu', '021500'),
('021510', 'Kec. Ciawigebang', '021500'),
('021511', 'Kec. Lebakwangi', '021500'),
('021512', 'Kec. Garawangi', '021500'),
('021513', 'Kec. Kuningan', '021500'),
('021514', 'Kec. Cigugur', '021500'),
('021515', 'Kec. Kramatmulya', '021500'),
('021516', 'Kec. Jalaksana', '021500'),
('021517', 'Kec. Cilimus', '021500'),
('021518', 'Kec. Mandirancan', '021500'),
('021519', 'Kec. Pasawahan', '021500'),
('021520', 'Kec. Pancalang', '021500'),
('021521', 'Kec. Cipicung', '021500'),
('021522', 'Kec. Kalimanggis', '021500'),
('021523', 'Kec. Japara', '021500'),
('021524', 'Kec. Karangkancana', '021500'),
('021525', 'Kec. Nusaherang', '021500'),
('021526', 'Kec. Cilebak', '021500'),
('021527', 'Kec. Hantara', '021500'),
('021528', 'Kec. Cimahi', '021500'),
('021529', 'Kec. Cibeureum', '021500'),
('021530', 'Kec. Sindangagung', '021500'),
('021531', 'Kec. Maleber', '021500'),
('021532', 'Kec. Cigandamekar', '021500'),
('021601', 'Kec. Lemahsugih', '021600'),
('021602', 'Kec. Bantarujeg', '021600'),
('021603', 'Kec. Cikijing', '021600'),
('021604', 'Kec. Talaga', '021600'),
('021605', 'Kec. Argapura', '021600'),
('021606', 'Kec. Maja', '021600'),
('021607', 'Kec. Majalengka', '021600'),
('021608', 'Kec. Cigasong', '021600'),
('021609', 'Kec. Sukahaji', '021600'),
('021610', 'Kec. Rajagaluh', '021600'),
('021611', 'Kec. Sindangwangi', '021600'),
('021612', 'Kec. Leuwimunding', '021600'),
('021613', 'Kec. Palasah', '021600'),
('021614', 'Kec. Jatiwangi', '021600'),
('021615', 'Kec. Dawuan', '021600'),
('021616', 'Kec. Panyingkiran', '021600'),
('021617', 'Kec. Kadipaten', '021600'),
('021618', 'Kec. Kertajati', '021600'),
('021619', 'Kec. Jatitujuh', '021600'),
('021620', 'Kec. Ligung', '021600'),
('021621', 'Kec. Sumberjaya', '021600'),
('021622', 'Kec. Banjaran', '021600'),
('021623', 'Kec. Cingambul', '021600'),
('021624', 'Kec. Malausma', '021600'),
('021625', 'Kec. Sindang', '021600'),
('021626', 'Kec. Kasokandel', '021600'),
('021701', 'Kec. Waled', '021700'),
('021702', 'Kec. Ciledug', '021700'),
('021703', 'Kec. Losari', '021700'),
('021704', 'Kec. Babakan', '021700'),
('021705', 'Kec. Karang Sembung', '021700'),
('021706', 'Kec. Lemah Abang', '021700'),
('021707', 'Kec. Sedong', '021700'),
('021708', 'Kec. Astana Japura', '021700'),
('021709', 'Kec. Mundu', '021700'),
('021710', 'Kec. Beber', '021700'),
('021712', 'Kec. Sumber', '021700'),
('021713', 'Kec. Palimanan', '021700'),
('021714', 'Kec. Plumbon', '021700'),
('021715', 'Kec. Weru', '021700'),
('021718', 'Kec. Kapetakan', '021700'),
('021719', 'Kec. Klangenan', '021700'),
('021720', 'Kec. Arjawinangun', '021700'),
('021721', 'Kec. Ciwaringin', '021700'),
('021722', 'Kec. Susukan', '021700'),
('021723', 'Kec. Gegesik', '021700'),
('021724', 'Kec. Susukan Lebak', '021700'),
('021725', 'Kec. Pabedilan', '021700'),
('021726', 'Kec. Dukupuntang', '021700'),
('021727', 'Kec. Panguragan', '021700'),
('021728', 'Kec. Kaliwedi', '021700'),
('021729', 'Kec. Pangenan', '021700'),
('021730', 'Kec. Gebang', '021700'),
('021731', 'Kec. Depok', '021700'),
('021732', 'Kec. Kedawung', '021700'),
('021733', 'Kec. Karangwareng', '021700'),
('021734', 'Kec. Talun', '021700'),
('021735', 'Kec. Gunung Jati', '021700'),
('021736', 'Kec. Pasaleman', '021700'),
('021737', 'Kec. Pabuaran', '021700'),
('021738', 'Kec. Tengah Tani', '021700'),
('021739', 'Kec. Plered', '021700'),
('021740', 'Kec. Gempol', '021700'),
('021741', 'Kec. Greged', '021700'),
('021742', 'Kec. Suranenggala', '021700'),
('021743', 'Kec. Jamblang', '021700'),
('021801', 'Kec. Haurgeulis', '021800'),
('021802', 'Kec. Kroya', '021800'),
('021803', 'Kec. Gabuswetan', '021800'),
('021804', 'Kec. Cikedung', '021800'),
('021805', 'Kec. Lelea', '021800'),
('021806', 'Kec. Bangodua', '021800'),
('021807', 'Kec. Widasari', '021800'),
('021808', 'Kec. Kertasemaya', '021800'),
('021809', 'Kec. Krangkeng', '021800'),
('021810', 'Kec. Karangampel', '021800'),
('021811', 'Kec. Juntinyuat', '021800'),
('021812', 'Kec. Sliyeg', '021800'),
('021813', 'Kec. Jatibarang', '021800'),
('021814', 'Kec. Balongan', '021800'),
('021815', 'Kec. Indramayu', '021800'),
('021816', 'Kec. Sindang', '021800'),
('021817', 'Kec. Lohbener', '021800'),
('021818', 'Kec. Losarang', '021800'),
('021819', 'Kec. Kandanghaur', '021800'),
('021820', 'Kec. Bongas', '021800'),
('021821', 'Kec. Anjatan', '021800'),
('021822', 'Kec. Sukra', '021800'),
('021823', 'Kec. Arahan', '021800'),
('021824', 'Kec. Cantigi', '021800'),
('021825', 'Kec. Gantar', '021800'),
('021826', 'Kec. Terisi', '021800'),
('021827', 'Kec. Sukagumiwang', '021800'),
('021828', 'Kec. Kedokan Bunder', '021800'),
('021829', 'Kec. Pasekan', '021800'),
('021830', 'Kec. Tukdana', '021800'),
('021831', 'Kec. Patrol', '021800'),
('021901', 'Kec. Sagalaherang', '021900'),
('021902', 'Kec. Jalancagak', '021900'),
('021903', 'Kec. Cisalak', '021900'),
('021904', 'Kec. Tanjungsiang', '021900'),
('021905', 'Kec. Cijambe', '021900'),
('021906', 'Kec. Cibogo', '021900'),
('021907', 'Kec. Subang', '021900'),
('021908', 'Kec. Kalijati', '021900'),
('021909', 'Kec. Cipeundeuy', '021900'),
('021910', 'Kec. Pabuaran', '021900'),
('021911', 'Kec. Patokbeusi', '021900'),
('021912', 'Kec. Purwadadi', '021900'),
('021913', 'Kec. Cikaum', '021900'),
('021914', 'Kec. Pagaden', '021900'),
('021915', 'Kec. Cipunagara', '021900'),
('021916', 'Kec. Compreng', '021900'),
('021917', 'Kec. Binong', '021900'),
('021918', 'Kec. Ciasem', '021900'),
('021919', 'Kec. Pamanukan', '021900'),
('021920', 'Kec. Pusakanagara', '021900'),
('021921', 'Kec. Legon Kulon', '021900'),
('021922', 'Kec. Blanakan', '021900'),
('021923', 'Kec. Dawuan', '021900'),
('021924', 'Kec. Serangpanjang', '021900'),
('021925', 'Kec. Kasomalang', '021900'),
('021926', 'Kec. Tambakdahan', '021900'),
('021927', 'Kec. Pagaden Barat', '021900'),
('021928', 'Kec. Pusakajaya', '021900'),
('021929', 'Kec. Ciater', '021900'),
('021930', 'Kec. Sukasari', '021900'),
('022001', 'Kec. Jatiluhur', '022000'),
('022002', 'Kec. Maniis', '022000'),
('022003', 'Kec. Tegalwaru', '022000'),
('022004', 'Kec. Plered', '022000'),
('022005', 'Kec. Sukatani', '022000'),
('022006', 'Kec. Darangdan', '022000'),
('022007', 'Kec. Bojong', '022000'),
('022008', 'Kec. Wanayasa', '022000'),
('022009', 'Kec. Pasawahan', '022000'),
('022010', 'Kec. Purwakarta', '022000'),
('022011', 'Kec. Campaka', '022000'),
('022012', 'Kec. Sukasari', '022000'),
('022013', 'Kec. Kiarapedes', '022000'),
('022014', 'Kec. Babakancikao', '022000'),
('022015', 'Kec. Cibatu', '022000'),
('022016', 'Kec. Bungursari', '022000'),
('022017', 'Kec. Pondok Salam', '022000'),
('022101', 'Kec. Pangkalan', '022100'),
('022102', 'Kec. Ciampel', '022100'),
('022104', 'Kec. Klari', '022100'),
('022105', 'Kec. Cikampek', '022100'),
('022106', 'Kec. Tirtamulya', '022100'),
('022107', 'Kec. Jatisari', '022100'),
('022109', 'Kec. Lemahabang', '022100'),
('022110', 'Kec. Telagasari', '022100'),
('022112', 'Kec. Rawamerta', '022100'),
('022113', 'Kec. Tempuran', '022100'),
('022114', 'Kec. Kutawaluya', '022100'),
('022115', 'Kec. Rengasdengklok', '022100'),
('022116', 'Kec. Pedes', '022100'),
('022117', 'Kec. Cibuaya', '022100'),
('022118', 'Kec. Tirtajaya', '022100'),
('022119', 'Kec. Batujaya', '022100'),
('022120', 'Kec. Pakisjaya', '022100'),
('022121', 'Kec. Majalaya', '022100'),
('022122', 'Kec. Jayakerta', '022100'),
('022123', 'Kec. Cilamaya Kulon', '022100'),
('022124', 'Kec. Banyusari', '022100'),
('022125', 'Kec. Kotabaru', '022100'),
('022126', 'Kec. Cilamaya Wetan', '022100'),
('022127', 'Kec. Purwasari', '022100'),
('022128', 'Kec. Teluk Jambe Barat', '022100'),
('022129', 'Kec. Teluk Jambe Timur', '022100'),
('022130', 'Kec. Karawang Timur', '022100'),
('022131', 'Kec. Tegalwaru', '022100'),
('022132', 'Kec. Cilebar', '022100'),
('022133', 'Kec. Karawang Barat', '022100'),
('022201', 'Kec. Setu', '022200'),
('022203', 'Kec. Cibarusah', '022200'),
('022205', 'Kec. Kedung Waringin', '022200'),
('022207', 'Kec. Cibitung', '022200'),
('022209', 'Kec. Babelan', '022200'),
('022210', 'Kec. Taruma Jaya', '022200'),
('022211', 'Kec. Tambelang', '022200'),
('022212', 'Kec. Sukatani', '022200'),
('022213', 'Kec. Pebayuran', '022200'),
('022214', 'Kec. Cabangbungin', '022200'),
('022215', 'Kec. Muara Gembong', '022200'),
('022216', 'Kec. Tambun Selatan', '022200'),
('022217', 'Kec. Tambun Utara', '022200'),
('022218', 'Kec. Cikarang Barat', '022200'),
('022219', 'Kec. Karang Bahagia', '022200'),
('022220', 'Kec. Cikarang Utara', '022200'),
('022221', 'Kec. Cikarang Selatan', '022200'),
('022222', 'Kec. Cikarang Timur', '022200'),
('022223', 'Kec. Bojong Mangu', '022200'),
('022224', 'Kec. Cikarang Pusat', '022200'),
('022225', 'Kec. Sukakarya', '022200'),
('022226', 'Kec. Sukawangi', '022200'),
('022227', 'Kec. Serang Baru', '022200'),
('022301', 'Kec. Rongga', '022300'),
('022302', 'Kec. Gununghalu', '022300'),
('022303', 'Kec. Sindangkerta', '022300'),
('022304', 'Kec. Cililin', '022300'),
('022305', 'Kec. Cihampelas', '022300'),
('022306', 'Kec. Cipongkor', '022300'),
('022307', 'Kec. Batujajar', '022300'),
('022308', 'Kec. Cipatat', '022300'),
('022309', 'Kec. Padalarang', '022300'),
('022310', 'Kec. Ngamprah', '022300'),
('022311', 'Kec. Parongpong', '022300'),
('022312', 'Kec. Lembang', '022300'),
('022313', 'Kec. Cisarua', '022300'),
('022314', 'Kec. Cikalongwetan', '022300'),
('022315', 'Kec. Cipeundeuy', '022300'),
('022316', 'Kec. Saguling', '022300'),
('022551', 'KEC. CIJULANG', '022500'),
('022552', 'KEC. CIMERAK', '022500'),
('022553', 'KEC. CIGUGUR', '022500'),
('022554', 'KEC. LANGKAPLANCAR', '022500'),
('022555', 'KEC. MANGUNJAYA', '022500'),
('022556', 'KEC. PADAHERANG', '022500'),
('022557', 'KEC. KALIPUCANG', '022500'),
('022558', 'KEC. PANGANDARAN', '022500'),
('022559', 'KEC. SIDAMULIH', '022500'),
('022560', 'KEC. PARIGI', '022500'),
('026101', 'Kec. Kota Bogor Selatan', '026100'),
('026102', 'Kec. Kota Bogor Timur', '026100'),
('026103', 'Kec. Kota Bogor Utara', '026100'),
('026104', 'Kec. Kota Bogor Tengah', '026100'),
('026105', 'Kec. Kota Bogor Barat', '026100'),
('026106', 'Kec. Tanah Sareal', '026100'),
('026201', 'Kec. Baros', '026200'),
('026202', 'Kec. Citamiang', '026200'),
('026203', 'Kec. Warudoyong', '026200'),
('026204', 'Kec. Gunung Puyuh', '026200'),
('026205', 'Kec. Cikole', '026200'),
('026206', 'Kec. Lembur Situ', '026200'),
('026207', 'Kec. Cibeureum', '026200'),
('026301', 'Kec. Harjamukti', '026300'),
('026302', 'Kec. Lemahwungkuk', '026300'),
('026303', 'Kec. Pekalipan', '026300'),
('026304', 'Kec. Kesambi', '026300'),
('026305', 'Kec. Kejaksan', '026300'),
('026501', 'Kec. Pondokgede', '026500'),
('026502', 'Kec. Jatiasih', '026500'),
('026503', 'Kec. Bantargebang', '026500'),
('026504', 'Kec. Bekasi Timur', '026500'),
('026505', 'Kec. Bekasi Selatan', '026500'),
('026506', 'Kec. Bekasi Barat', '026500'),
('026507', 'Kec. Bekasi Utara', '026500'),
('026508', 'Kec. Jati Sampurna', '026500'),
('026509', 'Kec. Medan Satria', '026500'),
('026510', 'Kec. Rawalumbu', '026500'),
('026511', 'Kec. Mustika Jaya', '026500'),
('026512', 'Kec. Pondok Melati', '026500'),
('026601', 'Kec. Sawangan', '026600'),
('026602', 'Kec. Pancoran Mas', '026600'),
('026603', 'Kec. Sukmajaya', '026600'),
('026604', 'Kec. Cimanggis', '026600'),
('026605', 'Kec. Beji', '026600'),
('026606', 'Kec. Limo', '026600'),
('026607', 'Kec. Cipayung', '026600'),
('026608', 'Kec. Cilodong', '026600'),
('026609', 'Kec. Cinere', '026600'),
('026610', 'Kec. Tapos', '026600'),
('026611', 'Kec. Bojongsari', '026600'),
('026701', 'Kec. Cimahi Selatan', '026700'),
('026702', 'Kec. Cimahi Tengah', '026700'),
('026703', 'Kec. Cimahi Utara', '026700'),
('026801', 'Kec. Cibeureum', '026800'),
('026802', 'Kec. Tamansari', '026800'),
('026803', 'Kec. Kawalu', '026800'),
('026804', 'Kec. Mangkubumi', '026800'),
('026805', 'Kec. Indihiang', '026800'),
('026806', 'Kec. Cipedes', '026800'),
('026807', 'Kec. Cihideung', '026800'),
('026808', 'Kec. Tawang', '026800'),
('026809', 'Kec. Purbaratu', '026800'),
('026810', 'Kec. Bungursari', '026800'),
('026901', 'Kec. Banjar', '026900'),
('026902', 'Kec. Purwaharja', '026900'),
('026903', 'Kec. Pataruman', '026900'),
('026904', 'Kec. Langensari', '026900'),
('030101', 'Kec. Dayeuhluhur', '030100'),
('030102', 'Kec. Wanareja', '030100'),
('030103', 'Kec. Majenang', '030100'),
('030104', 'Kec. Cimanggu', '030100'),
('030105', 'Kec. Karangpucung', '030100'),
('030106', 'Kec. Cipari', '030100'),
('030107', 'Kec. Sidareja', '030100'),
('030108', 'Kec. Kedungreja', '030100'),
('030109', 'Kec. Patimuan', '030100'),
('030110', 'Kec. Gandrungmangu', '030100'),
('030111', 'Kec. Bantarsari', '030100'),
('030112', 'Kec. Kawunganten', '030100'),
('030113', 'Kec. Kampung Laut', '030100'),
('030114', 'Kec. Jeruklegi', '030100'),
('030115', 'Kec. Kesugihan', '030100'),
('030116', 'Kec. Adipala', '030100'),
('030117', 'Kec. Maos', '030100'),
('030118', 'Kec. Sampang', '030100'),
('030119', 'Kec. Kroya', '030100'),
('030120', 'Kec. Binangun', '030100'),
('030121', 'Kec. Nusawungu', '030100'),
('030122', 'Kec. Cilacap Selatan', '030100'),
('030123', 'Kec. Cilacap Tengah', '030100'),
('030124', 'Kec. Cilacap Utara', '030100'),
('030201', 'Kec. Lumbir', '030200'),
('030202', 'Kec. Wangon', '030200'),
('030203', 'Kec. Jatilawang', '030200'),
('030204', 'Kec. Rawalo', '030200'),
('030205', 'Kec. Kebasen', '030200'),
('030206', 'Kec. Kemranjen', '030200'),
('030207', 'Kec. Sumpiuh', '030200'),
('030208', 'Kec. Tambak', '030200'),
('030209', 'Kec. Somagede', '030200'),
('030210', 'Kec. Kalibagor', '030200'),
('030211', 'Kec. Banyumas', '030200'),
('030212', 'Kec. Patikraja', '030200'),
('030213', 'Kec. Purwojati', '030200'),
('030214', 'Kec. Ajibarang', '030200'),
('030215', 'Kec. Gumelar', '030200'),
('030216', 'Kec. Pekuncen', '030200'),
('030217', 'Kec. Cilongok', '030200'),
('030218', 'Kec. Karanglewas', '030200'),
('030219', 'Kec. Kedung Banteng', '030200'),
('030220', 'Kec. Baturaden', '030200'),
('030221', 'Kec. Sumbang', '030200'),
('030222', 'Kec. Kembaran', '030200'),
('030223', 'Kec. Sokaraja', '030200'),
('030224', 'Kec. Purwokerto Selatan', '030200'),
('030225', 'Kec. Purwokerto Barat', '030200'),
('030226', 'Kec. Purwokerto Timur', '030200'),
('030227', 'Kec. Purwokerto Utara', '030200'),
('030301', 'Kec. Kemangkon', '030300'),
('030302', 'Kec. Bukateja', '030300'),
('030303', 'Kec. Kejobong', '030300'),
('030304', 'Kec. Pengadegan', '030300'),
('030305', 'Kec. Kaligondang', '030300'),
('030306', 'Kec. Purbalingga', '030300'),
('030307', 'Kec. Kalimanah', '030300'),
('030308', 'Kec. Padamara', '030300'),
('030309', 'Kec. Kutasari', '030300'),
('030310', 'Kec. Bojongsari', '030300'),
('030311', 'Kec. Mrebet', '030300'),
('030312', 'Kec. Bobotsari', '030300'),
('030313', 'Kec. Karangreja', '030300'),
('030314', 'Kec. Karanganyar', '030300'),
('030315', 'Kec. Karangmoncol', '030300'),
('030316', 'Kec. Rembang', '030300'),
('030317', 'Kec. Karangjambu', '030300'),
('030318', 'Kec. Kertanegara', '030300'),
('030401', 'Kec. Susukan', '030400'),
('030402', 'Kec. Purwareja Klampok', '030400'),
('030403', 'Kec. Mandiraja', '030400'),
('030404', 'Kec. Purwanegara', '030400'),
('030405', 'Kec. Bawang', '030400'),
('030406', 'Kec. Banjarnegara', '030400'),
('030407', 'Kec. Sigaluh', '030400'),
('030408', 'Kec. Madukara', '030400'),
('030409', 'Kec. Banjarmangu', '030400'),
('030410', 'Kec. Wanadadi', '030400'),
('030411', 'Kec. Rakit', '030400'),
('030412', 'Kec. Punggelan', '030400'),
('030413', 'Kec. Karangkobar', '030400'),
('030414', 'Kec. Pagentan', '030400'),
('030415', 'Kec. Pejawaran', '030400'),
('030416', 'Kec. Batur', '030400'),
('030417', 'Kec. Wanayasa', '030400'),
('030418', 'Kec. Kalibening', '030400'),
('030419', 'Kec. Pandanarum', '030400'),
('030420', 'Kec. Pagedongan', '030400'),
('030501', 'Kec. Ayah', '030500'),
('030502', 'Kec. Buayan', '030500'),
('030503', 'Kec. Puring', '030500'),
('030504', 'Kec. Petanahan', '030500'),
('030505', 'Kec. Klirong', '030500'),
('030506', 'Kec. Buluspesantren', '030500'),
('030507', 'Kec. Ambal', '030500'),
('030508', 'Kec. Mirit', '030500'),
('030509', 'Kec. Prembun', '030500'),
('030510', 'Kec. Kutowinangun', '030500'),
('030511', 'Kec. Alian', '030500'),
('030512', 'Kec. Kebumen', '030500'),
('030513', 'Kec. Pejagoan', '030500'),
('030514', 'Kec. Sruweng', '030500'),
('030515', 'Kec. Adimulyo', '030500'),
('030516', 'Kec. Kuwarasan', '030500'),
('030517', 'Kec. Rowokele', '030500'),
('030518', 'Kec. Sempor', '030500'),
('030519', 'Kec. Gombong', '030500'),
('030520', 'Kec. Karanganyar', '030500'),
('030521', 'Kec. Karanggayam', '030500'),
('030522', 'Kec. Sadang', '030500'),
('030523', 'Kec. Bonorowo', '030500'),
('030524', 'Kec. Padureso', '030500'),
('030525', 'Kec. Poncowarno', '030500'),
('030526', 'Kec. Karangsambung', '030500'),
('030601', 'Kec. Grabag', '030600'),
('030602', 'Kec. Ngombol', '030600'),
('030603', 'Kec. Purwodadi', '030600'),
('030604', 'Kec. Bagelen', '030600'),
('030605', 'Kec. Kaligesing', '030600'),
('030606', 'Kec. Purworejo', '030600'),
('030607', 'Kec. Banyu Urip', '030600'),
('030608', 'Kec. Bayan', '030600'),
('030609', 'Kec. Kutoarjo', '030600'),
('030610', 'Kec. Butuh', '030600'),
('030611', 'Kec. Pituruh', '030600'),
('030612', 'Kec. Kemiri', '030600'),
('030613', 'Kec. Bruno', '030600'),
('030614', 'Kec. Gebang', '030600'),
('030615', 'Kec. Loano', '030600'),
('030616', 'Kec. Bener', '030600'),
('030701', 'Kec. Wadaslintang', '030700'),
('030702', 'Kec. Kepil', '030700'),
('030703', 'Kec. Sapuran', '030700'),
('030704', 'Kec. Kaliwiro', '030700'),
('030705', 'Kec. Leksono', '030700'),
('030706', 'Kec. Selomerto', '030700'),
('030707', 'Kec. Kalikajar', '030700'),
('030708', 'Kec. Kertek', '030700'),
('030709', 'Kec. Wonosobo', '030700'),
('030710', 'Kec. Watumalang', '030700'),
('030711', 'Kec. Mojotengah', '030700'),
('030712', 'Kec. Garung', '030700'),
('030713', 'Kec. Kejajar', '030700'),
('030714', 'Kec. Sukoharjo', '030700'),
('030715', 'Kec. Kalibawang', '030700'),
('030801', 'Kec. Salaman', '030800'),
('030802', 'Kec. Borobudur', '030800'),
('030803', 'Kec. Ngluwar', '030800'),
('030804', 'Kec. Salam', '030800'),
('030805', 'Kec. Srumbung', '030800'),
('030806', 'Kec. Dukun', '030800'),
('030807', 'Kec. Muntilan', '030800'),
('030808', 'Kec. Mungkid', '030800'),
('030809', 'Kec. Sawangan', '030800'),
('030810', 'Kec. Candimulyo', '030800'),
('030811', 'Kec. Mertoyudan', '030800'),
('030812', 'Kec. Tempuran', '030800'),
('030813', 'Kec. Kajoran', '030800'),
('030814', 'Kec. Kaliangkrik', '030800'),
('030815', 'Kec. Bandongan', '030800'),
('030816', 'Kec. Windusari', '030800'),
('030817', 'Kec. Secang', '030800'),
('030818', 'Kec. Tegalrejo', '030800'),
('030819', 'Kec. Pakis', '030800'),
('030820', 'Kec. Grabag', '030800'),
('030821', 'Kec. Ngablak', '030800'),
('030901', 'Kec. Selo', '030900'),
('030902', 'Kec. Ampel', '030900'),
('030903', 'Kec. Cepogo', '030900'),
('030904', 'Kec. Musuk', '030900'),
('030905', 'Kec. Boyolali', '030900'),
('030906', 'Kec. Mojosongo', '030900'),
('030907', 'Kec. Teras', '030900'),
('030908', 'Kec. Sawit', '030900'),
('030909', 'Kec. Banyudono', '030900'),
('030910', 'Kec. Sambi', '030900'),
('030911', 'Kec. Ngemplak', '030900'),
('030912', 'Kec. Nogosari', '030900'),
('030913', 'Kec. Simo', '030900'),
('030914', 'Kec. Karanggede', '030900'),
('030915', 'Kec. Klego', '030900'),
('030916', 'Kec. Andong', '030900'),
('030917', 'Kec. Kemusu', '030900'),
('030918', 'Kec. Wonosegoro', '030900'),
('030919', 'Kec. Juwangi', '030900'),
('030920', 'Kec. Gladagsari', '030900'),
('030921', 'Kec. Tamansari', '030900'),
('030922', 'Kec. Wonosamodro', '030900'),
('031001', 'Kec. Prambanan', '031000'),
('031002', 'Kec. Gantiwarno', '031000'),
('031003', 'Kec. Wedi', '031000'),
('031004', 'Kec. Bayat', '031000'),
('031005', 'Kec. Cawas', '031000'),
('031006', 'Kec. Trucuk', '031000'),
('031007', 'Kec. Kalikotes', '031000'),
('031008', 'Kec. Kebonarum', '031000'),
('031009', 'Kec. Jogonalan', '031000'),
('031010', 'Kec. Manisrenggo', '031000'),
('031011', 'Kec. Karangnongko', '031000'),
('031012', 'Kec. Ngawen', '031000'),
('031013', 'Kec. Ceper', '031000'),
('031014', 'Kec. Pedan', '031000'),
('031015', 'Kec. Karangdowo', '031000'),
('031016', 'Kec. Juwiring', '031000'),
('031017', 'Kec. Wonosari', '031000'),
('031018', 'Kec. Delanggu', '031000'),
('031019', 'Kec. Polanharjo', '031000'),
('031020', 'Kec. Karanganom', '031000'),
('031021', 'Kec. Tulung', '031000'),
('031022', 'Kec. Jatinom', '031000'),
('031023', 'Kec. Kemalang', '031000'),
('031024', 'Kec. Klaten Selatan', '031000'),
('031025', 'Kec. Klaten Tengah', '031000'),
('031026', 'Kec. Klaten Utara', '031000'),
('031101', 'Kec. Weru', '031100'),
('031102', 'Kec. Bulu', '031100'),
('031103', 'Kec. Tawangsari', '031100'),
('031104', 'Kec. Sukoharjo', '031100'),
('031105', 'Kec. Nguter', '031100'),
('031106', 'Kec. Bendosari', '031100'),
('031107', 'Kec. Polokarto', '031100'),
('031108', 'Kec. Mojolaban', '031100'),
('031109', 'Kec. Grogol', '031100'),
('031110', 'Kec. Baki', '031100'),
('031111', 'Kec. Gatak', '031100'),
('031112', 'Kec. Kartasura', '031100'),
('031201', 'Kec. Pracimantoro', '031200'),
('031202', 'Kec. Paranggupito', '031200'),
('031203', 'Kec. Giritontro', '031200'),
('031204', 'Kec. Giriwoyo', '031200'),
('031205', 'Kec. Batuwarno', '031200'),
('031206', 'Kec. Karangtengah', '031200'),
('031207', 'Kec. Tirtomoyo', '031200'),
('031208', 'Kec. Nguntoronadi', '031200'),
('031209', 'Kec. Baturetno', '031200'),
('031210', 'Kec. Eromoko', '031200'),
('031211', 'Kec. Wuryantoro', '031200'),
('031212', 'Kec. Manyaran', '031200'),
('031213', 'Kec. Selogiri', '031200'),
('031214', 'Kec. Wonogiri', '031200'),
('031215', 'Kec. Ngadirojo', '031200'),
('031216', 'Kec. Sidoharjo', '031200'),
('031217', 'Kec. Jatiroto', '031200'),
('031218', 'Kec. Kismantoro', '031200'),
('031219', 'Kec. Purwantoro', '031200'),
('031220', 'Kec. Bulukerto', '031200'),
('031221', 'Kec. Slogohimo', '031200'),
('031222', 'Kec. Jatisrono', '031200'),
('031223', 'Kec. Jatipurno', '031200'),
('031224', 'Kec. Girimarto', '031200'),
('031225', 'Kec. Puhpelem', '031200'),
('031301', 'Kec. Jatipuro', '031300'),
('031302', 'Kec. Jatiyoso', '031300'),
('031303', 'Kec. Jumapolo', '031300'),
('031304', 'Kec. Jumantono', '031300'),
('031305', 'Kec. Matesih', '031300'),
('031306', 'Kec. Tawangmangu', '031300'),
('031307', 'Kec. Ngargoyoso', '031300'),
('031308', 'Kec. Karangpandan', '031300'),
('031309', 'Kec. Karanganyar', '031300'),
('031310', 'Kec. Tasikmadu', '031300'),
('031311', 'Kec. Jaten', '031300'),
('031312', 'Kec. Colomadu', '031300'),
('031313', 'Kec. Gondangrejo', '031300'),
('031314', 'Kec. Kebakkramat', '031300'),
('031315', 'Kec. Mojogedang', '031300'),
('031316', 'Kec. Kerjo', '031300'),
('031317', 'Kec. Jenawi', '031300'),
('031401', 'Kec. Kalijambe', '031400'),
('031402', 'Kec. Plupuh', '031400'),
('031403', 'Kec. Masaran', '031400'),
('031404', 'Kec. Kedawung', '031400'),
('031405', 'Kec. Sambirejo', '031400'),
('031406', 'Kec. Gondang', '031400'),
('031407', 'Kec. Sambung Macan', '031400'),
('031408', 'Kec. Ngrampal', '031400'),
('031409', 'Kec. Karangmalang', '031400'),
('031410', 'Kec. Sragen', '031400'),
('031411', 'Kec. Sidoharjo', '031400'),
('031412', 'Kec. Tanon', '031400'),
('031413', 'Kec. Gemolong', '031400'),
('031414', 'Kec. Miri', '031400'),
('031415', 'Kec. Sumberlawang', '031400'),
('031416', 'Kec. Mondokan', '031400'),
('031417', 'Kec. Sukodono', '031400'),
('031418', 'Kec. Gesi', '031400'),
('031419', 'Kec. Tangen', '031400'),
('031420', 'Kec. Jenar', '031400'),
('031501', 'Kec. Kedungjati', '031500'),
('031502', 'Kec. Karangrayung', '031500'),
('031503', 'Kec. Penawangan', '031500'),
('031504', 'Kec. Toroh', '031500'),
('031505', 'Kec. Geyer', '031500'),
('031506', 'Kec. Pulokulon', '031500'),
('031507', 'Kec. Kradenan', '031500'),
('031508', 'Kec. Gabus', '031500'),
('031509', 'Kec. Ngaringan', '031500'),
('031510', 'Kec. Wirosari', '031500'),
('031511', 'Kec. Tawangharjo', '031500'),
('031512', 'Kec. Grobogan', '031500'),
('031513', 'Kec. Purwodadi', '031500'),
('031514', 'Kec. Brati', '031500'),
('031515', 'Kec. Klambu', '031500'),
('031516', 'Kec. Godong', '031500'),
('031517', 'Kec. Gubug', '031500'),
('031518', 'Kec. Tegowanu', '031500'),
('031519', 'Kec. Tanggungharjo', '031500'),
('031601', 'Kec. Jati', '031600'),
('031602', 'Kec. Randublatung', '031600'),
('031603', 'Kec. Kradenan', '031600'),
('031604', 'Kec. Kedungtuban', '031600'),
('031605', 'Kec. Cepu', '031600'),
('031606', 'Kec. Sambong', '031600'),
('031607', 'Kec. Jiken', '031600'),
('031608', 'Kec. Bogorejo', '031600'),
('031609', 'Kec. Jepon', '031600'),
('031610', 'Kec. Kota Blora', '031600'),
('031611', 'Kec. Banjarejo', '031600'),
('031612', 'Kec. Tunjungan', '031600'),
('031613', 'Kec. Japah', '031600'),
('031614', 'Kec. Ngawen', '031600'),
('031615', 'Kec. Kunduran', '031600'),
('031616', 'Kec. Todanan', '031600'),
('031701', 'Kec. Sumber', '031700'),
('031702', 'Kec. Bulu', '031700'),
('031703', 'Kec. Gunem', '031700'),
('031704', 'Kec. Sale', '031700'),
('031705', 'Kec. Sarang', '031700'),
('031706', 'Kec. Sedan', '031700'),
('031707', 'Kec. Pamotan', '031700'),
('031708', 'Kec. Sulang', '031700'),
('031709', 'Kec. Kaliori', '031700'),
('031710', 'Kec. Rembang', '031700'),
('031711', 'Kec. Pancur', '031700'),
('031712', 'Kec. Kragan', '031700'),
('031713', 'Kec. Sluke', '031700'),
('031714', 'Kec. Lasem', '031700'),
('031801', 'Kec. Sukolilo', '031800'),
('031802', 'Kec. Kayen', '031800'),
('031803', 'Kec. Tambakromo', '031800'),
('031804', 'Kec. Winong', '031800'),
('031805', 'Kec. Pucakwangi', '031800'),
('031806', 'Kec. Jaken', '031800'),
('031807', 'Kec. Batangan', '031800'),
('031808', 'Kec. Juwana', '031800'),
('031809', 'Kec. Jakenan', '031800'),
('031810', 'Kec. Pati', '031800'),
('031811', 'Kec. Gabus', '031800'),
('031812', 'Kec. Margorejo', '031800'),
('031813', 'Kec. Gembong', '031800'),
('031814', 'Kec. Tlogowungu', '031800'),
('031815', 'Kec. Wedarijaksa', '031800'),
('031816', 'Kec. Trangkil', '031800'),
('031817', 'Kec. Margoyoso', '031800'),
('031818', 'Kec. Gunung Wungkal', '031800'),
('031819', 'Kec. Cluwak', '031800'),
('031820', 'Kec. Tayu', '031800'),
('031821', 'Kec. Dukuhseti', '031800'),
('031901', 'Kec. Kaliwungu', '031900'),
('031902', 'Kec. Kota Kudus', '031900'),
('031903', 'Kec. Jati', '031900'),
('031904', 'Kec. Undaan', '031900'),
('031905', 'Kec. Mejobo', '031900'),
('031906', 'Kec. Jekulo', '031900'),
('031907', 'Kec. Bae', '031900'),
('031908', 'Kec. Gebog', '031900'),
('031909', 'Kec. Dawe', '031900'),
('032001', 'Kec. Kedung', '032000'),
('032002', 'Kec. Pecangaan', '032000'),
('032003', 'Kec. Welahan', '032000'),
('032004', 'Kec. Mayong', '032000'),
('032005', 'Kec. Nalumsari', '032000'),
('032006', 'Kec. Batealit', '032000'),
('032007', 'Kec. Tahunan', '032000'),
('032008', 'Kec. Jepara', '032000'),
('032009', 'Kec. Mlonggo', '032000'),
('032010', 'Kec. Bangsri', '032000'),
('032011', 'Kec. Keling', '032000'),
('032012', 'Kec. Karimunjawa', '032000'),
('032013', 'Kec. Kalinyamatan', '032000'),
('032014', 'Kec. Kembang', '032000'),
('032015', 'Kec. Donorojo', '032000'),
('032016', 'Kec. Pakis Aji', '032000'),
('032101', 'Kec. Mranggen', '032100'),
('032102', 'Kec. Karangawen', '032100'),
('032103', 'Kec. Guntur', '032100'),
('032104', 'Kec. Sayung', '032100'),
('032105', 'Kec. Karang Tengah', '032100'),
('032106', 'Kec. Bonang', '032100'),
('032107', 'Kec. Demak', '032100'),
('032108', 'Kec. Wonosalam', '032100'),
('032109', 'Kec. Dempet', '032100'),
('032110', 'Kec. Gajah', '032100'),
('032111', 'Kec. Karanganyar', '032100'),
('032112', 'Kec. Mijen', '032100'),
('032113', 'Kec. Wedung', '032100'),
('032114', 'Kec. Kebonagung', '032100'),
('032201', 'Kec. Getasan', '032200'),
('032202', 'Kec. Tengaran', '032200'),
('032203', 'Kec. Susukan', '032200'),
('032204', 'Kec. Suruh', '032200'),
('032205', 'Kec. Pabelan', '032200'),
('032206', 'Kec. Tuntang', '032200'),
('032207', 'Kec. Banyubiru', '032200'),
('032208', 'Kec. Jambu', '032200'),
('032209', 'Kec. Sumowono', '032200'),
('032210', 'Kec. Ambarawa', '032200'),
('032211', 'Kec. Bawen', '032200'),
('032212', 'Kec. Bringin', '032200'),
('032213', 'Kec. Pringapus', '032200'),
('032214', 'Kec. Bergas', '032200'),
('032217', 'Kec. Kaliwungu', '032200'),
('032218', 'Kec. Bancak', '032200'),
('032219', 'Kec. Ungaran Barat', '032200'),
('032220', 'Kec. Ungaran Timur', '032200'),
('032221', 'Kec. Bandungan', '032200'),
('032301', 'Kec. Parakan', '032300'),
('032302', 'Kec. Bulu', '032300'),
('032303', 'Kec. Temanggung', '032300'),
('032304', 'Kec. Tembarak', '032300'),
('032305', 'Kec. Kranggan', '032300'),
('032306', 'Kec. Pringsurat', '032300'),
('032307', 'Kec. Kaloran', '032300'),
('032308', 'Kec. Kandangan', '032300'),
('032309', 'Kec. Kedu', '032300'),
('032310', 'Kec. Ngadirejo', '032300'),
('032311', 'Kec. Jumo', '032300'),
('032312', 'Kec. Candiroto', '032300'),
('032313', 'Kec. Tretep', '032300'),
('032314', 'Kec. Kledung', '032300'),
('032315', 'Kec. Bansari', '032300'),
('032316', 'Kec. Tlogomulyo', '032300'),
('032317', 'Kec. Selopampang', '032300'),
('032318', 'Kec. Gemawang', '032300'),
('032319', 'Kec. Bejen', '032300'),
('032320', 'Kec. Wonoboyo', '032300'),
('032401', 'Kec. Plantungan', '032400'),
('032402', 'Kec. Sukorejo', '032400'),
('032403', 'Kec. Pageruyung', '032400'),
('032404', 'Kec. Patean', '032400'),
('032405', 'Kec. Singorojo', '032400'),
('032406', 'Kec. Limbangan', '032400'),
('032407', 'Kec. Boja', '032400'),
('032408', 'Kec. Kaliwungu', '032400'),
('032409', 'Kec. Brangsong', '032400'),
('032410', 'Kec. Pegandon', '032400'),
('032411', 'Kec. Gemuh', '032400'),
('032412', 'Kec. Weleri', '032400'),
('032413', 'Kec. Rowosari', '032400'),
('032414', 'Kec. Kangkung', '032400'),
('032415', 'Kec. Cepiring', '032400'),
('032416', 'Kec. Patebon', '032400'),
('032417', 'Kec. Kota Kendal', '032400'),
('032418', 'Kec. Ngampel', '032400'),
('032419', 'Kec. Ringinarum', '032400'),
('032420', 'Kec. Kaliwungu Selatan', '032400'),
('032501', 'Kec. Wonotunggal', '032500'),
('032502', 'Kec. Bandar', '032500'),
('032503', 'Kec. Blado', '032500'),
('032504', 'Kec. Reban', '032500'),
('032505', 'Kec. Bawang', '032500'),
('032506', 'Kec. Tersono', '032500'),
('032507', 'Kec. Gringsing', '032500'),
('032508', 'Kec. Limpung', '032500'),
('032509', 'Kec. Subah', '032500'),
('032510', 'Kec. Tulis', '032500'),
('032511', 'Kec. Batang', '032500'),
('032512', 'Kec. Warungasem', '032500'),
('032513', 'Kec. Banyuputih', '032500'),
('032514', 'Kec. Pecalungan', '032500'),
('032515', 'Kec. Kandeman', '032500'),
('032601', 'Kec. Kandangserang', '032600'),
('032602', 'Kec. Paninggaran', '032600'),
('032603', 'Kec. Lebakbarang', '032600'),
('032604', 'Kec. Petungkriyono', '032600'),
('032605', 'Kec. Talun', '032600'),
('032606', 'Kec. Doro', '032600'),
('032607', 'Kec. Karanganyar', '032600'),
('032608', 'Kec. Kajen', '032600'),
('032609', 'Kec. Kesesi', '032600'),
('032610', 'Kec. Sragi', '032600'),
('032611', 'Kec. Bojong', '032600'),
('032612', 'Kec. Wonopringgo', '032600'),
('032613', 'Kec. Kedungwuni', '032600'),
('032614', 'Kec. Buaran', '032600'),
('032615', 'Kec. Tirto', '032600'),
('032616', 'Kec. Wiradesa', '032600'),
('032617', 'Kec. Siwalan', '032600'),
('032618', 'Kec. Karangdadap', '032600'),
('032619', 'Kec. Wonokerto', '032600'),
('032701', 'Kec. Moga', '032700'),
('032702', 'Kec. Pulosari', '032700'),
('032703', 'Kec. Belik', '032700'),
('032704', 'Kec. Watukumpul', '032700'),
('032705', 'Kec. Bodeh', '032700'),
('032706', 'Kec. Bantarbolang', '032700'),
('032707', 'Kec. Randudongkal', '032700'),
('032708', 'Kec. Pemalang', '032700'),
('032709', 'Kec. Taman', '032700'),
('032710', 'Kec. Petarukan', '032700'),
('032711', 'Kec. Ampelgading', '032700'),
('032712', 'Kec. Comal', '032700'),
('032713', 'Kec. Ulujami', '032700'),
('032714', 'Kec. Warungpring', '032700'),
('032801', 'Kec. Margasari', '032800'),
('032802', 'Kec. Bumijawa', '032800'),
('032803', 'Kec. Bojong', '032800'),
('032804', 'Kec. Balapulang', '032800'),
('032805', 'Kec. Pagerbarang', '032800'),
('032806', 'Kec. Lebaksiu', '032800'),
('032807', 'Kec. Jatinegara', '032800'),
('032808', 'Kec. Kedungbanteng', '032800'),
('032809', 'Kec. Pangkah', '032800'),
('032810', 'Kec. Slawi', '032800'),
('032811', 'Kec. Dukuhwaru', '032800'),
('032812', 'Kec. Adiwerna', '032800'),
('032813', 'Kec. Dukuhturi', '032800'),
('032814', 'Kec. Talang', '032800'),
('032815', 'Kec. Tarub', '032800'),
('032816', 'Kec. Kramat', '032800'),
('032817', 'Kec. Suradadi', '032800'),
('032818', 'Kec. Warureja', '032800'),
('032901', 'Kec. Salem', '032900'),
('032902', 'Kec. Bantarkawung', '032900'),
('032903', 'Kec. Bumiayu', '032900'),
('032904', 'Kec. Paguyangan', '032900'),
('032905', 'Kec. Sirampog', '032900'),
('032906', 'Kec. Tonjong', '032900'),
('032907', 'Kec. Larangan', '032900'),
('032908', 'Kec. Ketanggungan', '032900'),
('032909', 'Kec. Banjarharjo', '032900'),
('032910', 'Kec. Losari', '032900'),
('032911', 'Kec. Tanjung', '032900'),
('032912', 'Kec. Kersana', '032900'),
('032913', 'Kec. Bulakamba', '032900'),
('032914', 'Kec. Wanasari', '032900'),
('032915', 'Kec. Songgom', '032900'),
('032916', 'Kec. Jatibarang', '032900'),
('032917', 'Kec. Brebes', '032900'),
('036001', 'Kec. Magelang Selatan', '036000'),
('036002', 'Kec. Magelang Utara', '036000'),
('036003', 'Kec. Magelang Tengah', '036000'),
('036101', 'Kec. Laweyan', '036100'),
('036102', 'Kec. Serengan', '036100'),
('036103', 'Kec. Pasarkliwon', '036100'),
('036104', 'Kec. Jebres', '036100'),
('036105', 'Kec. Banjarsari', '036100'),
('036201', 'Kec. Argomulyo', '036200'),
('036202', 'Kec. Tingkir', '036200'),
('036203', 'Kec. Sidomukti', '036200'),
('036204', 'Kec. Sidorejo', '036200'),
('036301', 'Kec. Mijen', '036300'),
('036302', 'Kec. Gunung Pati', '036300'),
('036303', 'Kec. Banyumanik', '036300'),
('036304', 'Kec. Gajah Mungkur', '036300'),
('036305', 'Kec. Semarang Selatan', '036300'),
('036306', 'Kec. Candisari', '036300'),
('036307', 'Kec. Tembalang', '036300'),
('036308', 'Kec. Pedurungan', '036300'),
('036309', 'Kec. Genuk', '036300'),
('036310', 'Kec. Gayamsari', '036300'),
('036311', 'Kec. Semarang Timur', '036300'),
('036312', 'Kec. Semarang Tengah', '036300'),
('036313', 'Kec. Semarang Utara', '036300'),
('036314', 'Kec. Semarang Barat', '036300'),
('036315', 'Kec. Tugu', '036300'),
('036316', 'Kec. Ngaliyan', '036300'),
('036401', 'Kec. Pekalongan Barat', '036400'),
('036402', 'Kec. Pekalongan Timur', '036400'),
('036403', 'Kec. Pekalongan Selatan', '036400'),
('036404', 'Kec. Pekalongan Utara', '036400'),
('036501', 'Kec. Tegal Selatan', '036500'),
('036502', 'Kec. Tegal Timur', '036500'),
('036503', 'Kec. Tegal Barat', '036500'),
('036504', 'Kec. Margadana', '036500'),
('040101', 'Kec. Srandakan', '040100'),
('040102', 'Kec. Sanden', '040100'),
('040103', 'Kec. Kretek', '040100'),
('040104', 'Kec. Pundong', '040100'),
('040105', 'Kec. Bambang Lipuro', '040100'),
('040106', 'Kec. Pandak', '040100'),
('040107', 'Kec. Bantul', '040100'),
('040108', 'Kec. Jetis', '040100'),
('040109', 'Kec. Imogiri', '040100'),
('040110', 'Kec. Dlingo', '040100'),
('040111', 'Kec. Pleret', '040100'),
('040112', 'Kec. Piyungan', '040100'),
('040113', 'Kec. Banguntapan', '040100'),
('040114', 'Kec. Sewon', '040100'),
('040115', 'Kec. Kasihan', '040100'),
('040116', 'Kec. Pajangan', '040100'),
('040117', 'Kec. Sedayu', '040100'),
('040201', 'Kec. Moyudan', '040200'),
('040202', 'Kec. Minggir', '040200'),
('040203', 'Kec. Seyegan', '040200'),
('040204', 'Kec. Godean', '040200'),
('040206', 'Kec. Mlati', '040200'),
('040207', 'Kec. Depok', '040200'),
('040208', 'Kec. Berbah', '040200'),
('040209', 'Kec. Prambanan', '040200'),
('040210', 'Kec. Kalasan', '040200'),
('040211', 'Kec. Ngemplak', '040200'),
('040212', 'Kec. Ngaglik', '040200'),
('040213', 'Kec. Sleman', '040200'),
('040214', 'Kec. Tempel', '040200'),
('040215', 'Kec. Turi', '040200'),
('040216', 'Kec. Pakem', '040200'),
('040217', 'Kec. Cangkringan', '040200'),
('040218', 'Kec. Gamping', '040200'),
('040301', 'Kec. Panggang', '040300'),
('040302', 'Kec. Paliyan', '040300'),
('040303', 'Kec. Saptosari', '040300'),
('040304', 'Kec. Tepus', '040300'),
('040305', 'Kec. Rongkop', '040300'),
('040306', 'Kec. Semanu', '040300'),
('040307', 'Kec. Ponjong', '040300'),
('040308', 'Kec. Karangmojo', '040300'),
('040309', 'Kec. Wonosari', '040300'),
('040310', 'Kec. Playen', '040300'),
('040311', 'Kec. Patuk', '040300'),
('040312', 'Kec. Gedangsari', '040300'),
('040313', 'Kec. Nglipar', '040300'),
('040314', 'Kec. Ngawen', '040300'),
('040315', 'Kec. Semin', '040300'),
('040316', 'Kec. Purwosari', '040300'),
('040317', 'Kec. Girisubo', '040300'),
('040318', 'Kec. Tanjungsari', '040300'),
('040401', 'Kec. Temon', '040400'),
('040402', 'Kec. Wates', '040400'),
('040403', 'Kec. Panjatan', '040400'),
('040404', 'Kec. Galur', '040400'),
('040405', 'Kec. Lendah', '040400'),
('040406', 'Kec. Sentolo', '040400'),
('040407', 'Kec. Pengasih', '040400'),
('040408', 'Kec. Kokap', '040400'),
('040409', 'Kec. Girimulyo', '040400'),
('040410', 'Kec. Nanggulan', '040400'),
('040411', 'Kec. Kalibawang', '040400'),
('040412', 'Kec. Samigaluh', '040400'),
('046001', 'Kec. Mantrijeron', '046000'),
('046002', 'Kec. Kraton', '046000'),
('046003', 'Kec. Mergangsan', '046000'),
('046004', 'Kec. Umbulharjo', '046000'),
('046005', 'Kec. Kotagede', '046000'),
('046006', 'Kec. Gondokusuman', '046000'),
('046007', 'Kec. Danurejan', '046000'),
('046008', 'Kec. Pakualaman', '046000'),
('046009', 'Kec. Gondomanan', '046000'),
('046010', 'Kec. Ngampilan', '046000'),
('046011', 'Kec. Wirobrajan', '046000'),
('046012', 'Kec. Gedongtengen', '046000'),
('046013', 'Kec. Jetis', '046000'),
('046014', 'Kec. Tegalrejo', '046000'),
('050101', 'Kec. Wringin Anom', '050100'),
('050102', 'Kec. Driyorejo', '050100'),
('050103', 'Kec. Kedamean', '050100'),
('050104', 'Kec. Menganti', '050100'),
('050105', 'Kec. Cerme', '050100'),
('050106', 'Kec. Benjeng', '050100'),
('050107', 'Kec. Balong Panggang', '050100'),
('050108', 'Kec. Duduk Sampeyan', '050100'),
('050109', 'Kec. Kebomas', '050100'),
('050110', 'Kec. Gresik', '050100'),
('050111', 'Kec. Manyar', '050100'),
('050112', 'Kec. Bungah', '050100'),
('050113', 'Kec. Sidayu', '050100'),
('050114', 'Kec. Dukun', '050100'),
('050115', 'Kec. Panceng', '050100'),
('050116', 'Kec. Ujung Pangkah', '050100'),
('050117', 'Kec. Sangkapura', '050100'),
('050118', 'Kec. Tambak', '050100'),
('050201', 'Kec. Tarik', '050200'),
('050202', 'Kec. Prambon', '050200'),
('050203', 'Kec. Krembung', '050200'),
('050204', 'Kec. Porong', '050200'),
('050205', 'Kec. Jabon', '050200'),
('050206', 'Kec. Tanggulangin', '050200'),
('050207', 'Kec. Candi', '050200'),
('050208', 'Kec. Tulangan', '050200'),
('050209', 'Kec. Wonoayu', '050200'),
('050210', 'Kec. Sukodono', '050200'),
('050211', 'Kec. Sidoarjo', '050200'),
('050212', 'Kec. Buduran', '050200'),
('050213', 'Kec. Sedati', '050200'),
('050214', 'Kec. Waru', '050200'),
('050215', 'Kec. Gedangan', '050200'),
('050216', 'Kec. Taman', '050200'),
('050217', 'Kec. Krian', '050200'),
('050218', 'Kec. Balong Bendo', '050200'),
('050301', 'Kec. Jatirejo', '050300'),
('050302', 'Kec. Gondang', '050300'),
('050303', 'Kec. Pacet', '050300'),
('050304', 'Kec. Trawas', '050300'),
('050305', 'Kec. Ngoro', '050300'),
('050306', 'Kec. Pungging', '050300'),
('050307', 'Kec. Kutorejo', '050300'),
('050308', 'Kec. Mojosari', '050300'),
('050309', 'Kec. Bangsal', '050300'),
('050310', 'Kec. Dlanggu', '050300'),
('050311', 'Kec. Puri', '050300'),
('050312', 'Kec. Trowulan', '050300'),
('050313', 'Kec. Sooko', '050300'),
('050314', 'Kec. Gedeg', '050300'),
('050315', 'Kec. Kemlagi', '050300'),
('050316', 'Kec. Jetis', '050300'),
('050317', 'Kec. Dawar Blandong', '050300'),
('050318', 'Kec. Mojoanyar', '050300');
INSERT INTO `kecamatan` (`kode_wilayah`, `nama`, `kode_kabupaten`) VALUES
('050401', 'Kec. Bandar KedungMulyo', '050400'),
('050402', 'Kec. Perak', '050400'),
('050403', 'Kec. Gudo', '050400'),
('050404', 'Kec. Diwek', '050400'),
('050405', 'Kec. Ngoro', '050400'),
('050406', 'Kec. Mojowarno', '050400'),
('050407', 'Kec. Bareng', '050400'),
('050408', 'Kec. Wonosalam', '050400'),
('050409', 'Kec. Mojoagung', '050400'),
('050410', 'Kec. Sumobito', '050400'),
('050411', 'Kec. Jogoroto', '050400'),
('050412', 'Kec. Peterongan', '050400'),
('050413', 'Kec. Jombang', '050400'),
('050414', 'Kec. Megaluh', '050400'),
('050415', 'Kec. Tembelang', '050400'),
('050416', 'Kec. Kesamben', '050400'),
('050417', 'Kec. Kudu', '050400'),
('050418', 'Kec. Ploso', '050400'),
('050419', 'Kec. Kabuh', '050400'),
('050420', 'Kec. Plandaan', '050400'),
('050421', 'Kec. Ngusikan', '050400'),
('050501', 'Kec. Margomulyo', '050500'),
('050502', 'Kec. Ngraho', '050500'),
('050503', 'Kec. Tambakrejo', '050500'),
('050504', 'Kec. Ngambon', '050500'),
('050505', 'Kec. Bubulan', '050500'),
('050506', 'Kec. Temayang', '050500'),
('050507', 'Kec. Sugihwaras', '050500'),
('050508', 'Kec. Kedungadem', '050500'),
('050509', 'Kec. Kepohbaru', '050500'),
('050510', 'Kec. Baureno', '050500'),
('050511', 'Kec. Kanor', '050500'),
('050512', 'Kec. Sumberrejo', '050500'),
('050513', 'Kec. Balen', '050500'),
('050514', 'Kec. Sukosewu', '050500'),
('050515', 'Kec. Kapas', '050500'),
('050516', 'Kec. Bojonegoro', '050500'),
('050517', 'Kec. Trucuk', '050500'),
('050518', 'Kec. Dander', '050500'),
('050519', 'Kec. Ngasem', '050500'),
('050520', 'Kec. Kalitidu', '050500'),
('050521', 'Kec. Malo', '050500'),
('050522', 'Kec. Purwosari', '050500'),
('050523', 'Kec. Padangan', '050500'),
('050524', 'Kec. Kasiman', '050500'),
('050525', 'Kec. Kedewan', '050500'),
('050526', 'Kec. Gondang', '050500'),
('050527', 'Kec. Sekar', '050500'),
('050528', 'Kec. Gayam', '050500'),
('050601', 'Kec. Kenduruan', '050600'),
('050602', 'Kec. Bangilan', '050600'),
('050603', 'Kec. Senori', '050600'),
('050604', 'Kec. Singgahan', '050600'),
('050605', 'Kec. Montong', '050600'),
('050606', 'Kec. Parengan', '050600'),
('050607', 'Kec. Soko', '050600'),
('050608', 'Kec. Rengel', '050600'),
('050609', 'Kec. Plumpang', '050600'),
('050610', 'Kec. Widang', '050600'),
('050611', 'Kec. Palang', '050600'),
('050612', 'Kec. Semanding', '050600'),
('050613', 'Kec. Tuban', '050600'),
('050614', 'Kec. Jenu', '050600'),
('050615', 'Kec. Merakurak', '050600'),
('050616', 'Kec. Kerek', '050600'),
('050617', 'Kec. Tambakboyo', '050600'),
('050618', 'Kec. Jatirogo', '050600'),
('050619', 'Kec. Bancar', '050600'),
('050620', 'Kec. Grabagan', '050600'),
('050701', 'Kec. Sukorame', '050700'),
('050702', 'Kec. Bluluk', '050700'),
('050703', 'Kec. Ngimbang', '050700'),
('050704', 'Kec. Sambeng', '050700'),
('050705', 'Kec. Mantup', '050700'),
('050706', 'Kec. Kembang Bahu', '050700'),
('050707', 'Kec. Sugio', '050700'),
('050708', 'Kec. Kedungpring', '050700'),
('050709', 'Kec. Modo', '050700'),
('050710', 'Kec. Babat', '050700'),
('050711', 'Kec. Pucuk', '050700'),
('050712', 'Kec. Sukodadi', '050700'),
('050713', 'Kec. Lamongan', '050700'),
('050714', 'Kec. Tikung', '050700'),
('050715', 'Kec. Deket', '050700'),
('050716', 'Kec. Glagah', '050700'),
('050717', 'Kec. Karangbinangun', '050700'),
('050718', 'Kec. Turi', '050700'),
('050719', 'Kec. Kalitengah', '050700'),
('050720', 'Kec. Karang Geneng', '050700'),
('050721', 'Kec. Sekaran', '050700'),
('050722', 'Kec. Maduran', '050700'),
('050723', 'Kec. Laren', '050700'),
('050724', 'Kec. Solokuro', '050700'),
('050725', 'Kec. Paciran', '050700'),
('050726', 'Kec. Brondong', '050700'),
('050727', 'Kec. Sarirejo', '050700'),
('050801', 'Kec. Kebonsari', '050800'),
('050802', 'Kec. Geger', '050800'),
('050803', 'Kec. Dolopo', '050800'),
('050804', 'Kec. Dagangan', '050800'),
('050805', 'Kec. Wungu', '050800'),
('050806', 'Kec. Kare', '050800'),
('050807', 'Kec. Gemarang', '050800'),
('050808', 'Kec. Saradan', '050800'),
('050809', 'Kec. Pilangkenceng', '050800'),
('050810', 'Kec. Mejayan', '050800'),
('050811', 'Kec. Wonoasri', '050800'),
('050812', 'Kec. Balerejo', '050800'),
('050813', 'Kec. Madiun', '050800'),
('050814', 'Kec. Sawahan', '050800'),
('050815', 'Kec. Jiwan', '050800'),
('050901', 'Kec. Sine', '050900'),
('050902', 'Kec. Ngrambe', '050900'),
('050903', 'Kec. Jogorogo', '050900'),
('050904', 'Kec. Kendal', '050900'),
('050905', 'Kec. Geneng', '050900'),
('050906', 'Kec. Kwadungan', '050900'),
('050907', 'Kec. Pangkur', '050900'),
('050908', 'Kec. Karangjati', '050900'),
('050909', 'Kec. Bringin', '050900'),
('050910', 'Kec. Padas', '050900'),
('050911', 'Kec. Ngawi', '050900'),
('050912', 'Kec. Paron', '050900'),
('050913', 'Kec. Kedunggalar', '050900'),
('050914', 'Kec. Pitu', '050900'),
('050915', 'Kec. Widodaren', '050900'),
('050916', 'Kec. Mantingan', '050900'),
('050917', 'Kec. Karanganyar', '050900'),
('050918', 'Kec. Gerih', '050900'),
('050919', 'Kec. Kasreman', '050900'),
('051001', 'Kec. Poncol', '051000'),
('051002', 'Kec. Parang', '051000'),
('051003', 'Kec. Lembeyan', '051000'),
('051004', 'Kec. Takeran', '051000'),
('051005', 'Kec. Kawedanan', '051000'),
('051006', 'Kec. Magetan', '051000'),
('051007', 'Kec. Plaosan', '051000'),
('051008', 'Kec. Panekan', '051000'),
('051009', 'Kec. Sukomoro', '051000'),
('051010', 'Kec. Bendo', '051000'),
('051011', 'Kec. Maospati', '051000'),
('051012', 'Kec. Karangrejo', '051000'),
('051014', 'Kec. Barat', '051000'),
('051015', 'Kec. Kartoharjo', '051000'),
('051016', 'Kec. Karas', '051000'),
('051017', 'Kec. Ngariboyo', '051000'),
('051018', 'Kec. Nguntoronadi', '051000'),
('051019', 'Kec. Sidorejo', '051000'),
('051101', 'Kec. Ngrayun', '051100'),
('051102', 'Kec. Slahung', '051100'),
('051103', 'Kec. Bungkal', '051100'),
('051104', 'Kec. Sambit', '051100'),
('051105', 'Kec. Sawoo', '051100'),
('051106', 'Kec. Sooko', '051100'),
('051107', 'Kec. Pulung', '051100'),
('051108', 'Kec. Mlarak', '051100'),
('051109', 'Kec. Siman', '051100'),
('051110', 'Kec. Jetis', '051100'),
('051111', 'Kec. Balong', '051100'),
('051112', 'Kec. Kauman', '051100'),
('051113', 'Kec. Jambon', '051100'),
('051114', 'Kec. Badegan', '051100'),
('051115', 'Kec. Sampung', '051100'),
('051116', 'Kec. Sukorejo', '051100'),
('051117', 'Kec. Ponorogo', '051100'),
('051118', 'Kec. Babadan', '051100'),
('051119', 'Kec. Jenangan', '051100'),
('051120', 'Kec. Ngebel', '051100'),
('051121', 'Kec. Pudak', '051100'),
('051201', 'Kec. Donorojo', '051200'),
('051202', 'Kec. Punung', '051200'),
('051203', 'Kec. Pringkuku', '051200'),
('051204', 'Kec. Pacitan', '051200'),
('051205', 'Kec. Kebonagung', '051200'),
('051206', 'Kec. Arjosari', '051200'),
('051207', 'Kec. Nawangan', '051200'),
('051208', 'Kec. Bandar', '051200'),
('051209', 'Kec. Tegalombo', '051200'),
('051210', 'Kec. Tulakan', '051200'),
('051211', 'Kec. Ngadirojo', '051200'),
('051212', 'Kec. Sudimoro', '051200'),
('051301', 'Kec. Kras', '051300'),
('051302', 'Kec. Ringinrejo', '051300'),
('051303', 'Kec. Ngancar', '051300'),
('051304', 'Kec. Kepung', '051300'),
('051305', 'Kec. Puncu', '051300'),
('051306', 'Kec. Plosoklaten', '051300'),
('051307', 'Kec. Wates', '051300'),
('051308', 'Kec. Kandat', '051300'),
('051309', 'Kec. Ngadiluwih', '051300'),
('051310', 'Kec. Mojo', '051300'),
('051311', 'Kec. Semen', '051300'),
('051312', 'Kec. Banyakan', '051300'),
('051313', 'Kec. Tarokan', '051300'),
('051314', 'Kec. Grogol', '051300'),
('051315', 'Kec. Gampengrejo', '051300'),
('051316', 'Kec. Gurah', '051300'),
('051317', 'Kec. Pagu', '051300'),
('051318', 'Kec. Papar', '051300'),
('051319', 'Kec. Plemahan', '051300'),
('051320', 'Kec. Purwoasri', '051300'),
('051321', 'Kec. Kunjang', '051300'),
('051322', 'Kec. Pare', '051300'),
('051323', 'Kec. Kandangan', '051300'),
('051324', 'Kec. Kayen Kidul', '051300'),
('051325', 'Kec. Ngasem', '051300'),
('051326', 'Kec. Badas', '051300'),
('051401', 'Kec. Sawahan', '051400'),
('051402', 'Kec. Ngetos', '051400'),
('051403', 'Kec. Berbek', '051400'),
('051404', 'Kec. Loceret', '051400'),
('051405', 'Kec. Pace', '051400'),
('051406', 'Kec. Tanjunganom', '051400'),
('051407', 'Kec. Prambon', '051400'),
('051408', 'Kec. Ngronggot', '051400'),
('051409', 'Kec. Kertosono', '051400'),
('051410', 'Kec. Patianrowo', '051400'),
('051411', 'Kec. Baron', '051400'),
('051412', 'Kec. Gondang', '051400'),
('051413', 'Kec. Sukomoro', '051400'),
('051414', 'Kec. Nganjuk', '051400'),
('051415', 'Kec. Bagor', '051400'),
('051416', 'Kec. Wilangan', '051400'),
('051417', 'Kec. Rejoso', '051400'),
('051418', 'Kec. Ngluyu', '051400'),
('051419', 'Kec. Lengkong', '051400'),
('051420', 'Kec. Jatikalen', '051400'),
('051501', 'Kec. Bakung', '051500'),
('051502', 'Kec. Wonotirto', '051500'),
('051503', 'Kec. Panggungrejo', '051500'),
('051504', 'Kec. Wates', '051500'),
('051505', 'Kec. Binangun', '051500'),
('051506', 'Kec. Sutojayan', '051500'),
('051507', 'Kec. Kademangan', '051500'),
('051508', 'Kec. Kanigoro', '051500'),
('051509', 'Kec. Talun', '051500'),
('051510', 'Kec. Selopuro', '051500'),
('051511', 'Kec. Kesamben', '051500'),
('051512', 'Kec. Selorejo', '051500'),
('051513', 'Kec. Doko', '051500'),
('051514', 'Kec. Wlingi', '051500'),
('051515', 'Kec. Gandusari', '051500'),
('051516', 'Kec. Garum', '051500'),
('051517', 'Kec. Nglegok', '051500'),
('051518', 'Kec. Sanankulon', '051500'),
('051519', 'Kec. Ponggok', '051500'),
('051520', 'Kec. Srengat', '051500'),
('051521', 'Kec. Wonodadi', '051500'),
('051522', 'Kec. Udanawu', '051500'),
('051601', 'Kec. Besuki', '051600'),
('051602', 'Kec. Bandung', '051600'),
('051603', 'Kec. Pakel', '051600'),
('051604', 'Kec. Campur Darat', '051600'),
('051605', 'Kec. Tanggung Gunung', '051600'),
('051606', 'Kec. Kalidawir', '051600'),
('051607', 'Kec. Pucang Laban', '051600'),
('051608', 'Kec. Rejotangan', '051600'),
('051609', 'Kec. Ngunut', '051600'),
('051610', 'Kec. Sumbergempol', '051600'),
('051611', 'Kec. Boyolangu', '051600'),
('051612', 'Kec. Tulungagung', '051600'),
('051613', 'Kec. Kedungwaru', '051600'),
('051614', 'Kec. Ngantru', '051600'),
('051615', 'Kec. Karangrejo', '051600'),
('051616', 'Kec. Kauman', '051600'),
('051617', 'Kec. Gondang', '051600'),
('051618', 'Kec. Pagerwojo', '051600'),
('051619', 'Kec. Sendang', '051600'),
('051701', 'Kec. Panggul', '051700'),
('051702', 'Kec. Munjungan', '051700'),
('051703', 'Kec. Watulimo', '051700'),
('051704', 'Kec. Kampak', '051700'),
('051705', 'Kec. Dongko', '051700'),
('051706', 'Kec. Pule', '051700'),
('051707', 'Kec. Karangan', '051700'),
('051708', 'Kec. Gandusari', '051700'),
('051709', 'Kec. Durenan', '051700'),
('051710', 'Kec. Pogalan', '051700'),
('051711', 'Kec. Trenggalek', '051700'),
('051712', 'Kec. Tugu', '051700'),
('051713', 'Kec. Bendungan', '051700'),
('051714', 'Kec. Suruh', '051700'),
('051801', 'Kec. Donomulyo', '051800'),
('051802', 'Kec. Kalipare', '051800'),
('051803', 'Kec. Pagak', '051800'),
('051804', 'Kec. Bantur', '051800'),
('051805', 'Kec. Gedangan', '051800'),
('051808', 'Kec. Tirto Yudo', '051800'),
('051809', 'Kec. Ampelgading', '051800'),
('051810', 'Kec. Poncokusumo', '051800'),
('051811', 'Kec. Wajak', '051800'),
('051812', 'Kec. Turen', '051800'),
('051813', 'Kec. Pagelaran', '051800'),
('051814', 'Kec. Gondanglegi', '051800'),
('051815', 'Kec. Bululawang', '051800'),
('051816', 'Kec. Kepanjen', '051800'),
('051817', 'Kec. Sumberpucung', '051800'),
('051818', 'Kec. Kromengan', '051800'),
('051819', 'Kec. Wonosari', '051800'),
('051820', 'Kec. Ngajum', '051800'),
('051821', 'Kec. Wagir', '051800'),
('051822', 'Kec. Pakisaji', '051800'),
('051823', 'Kec. Tajinan', '051800'),
('051824', 'Kec. Tumpang', '051800'),
('051825', 'Kec. Pakis', '051800'),
('051826', 'Kec. Jabung', '051800'),
('051827', 'Kec. Lawang', '051800'),
('051828', 'Kec. Singosari', '051800'),
('051829', 'Kec. Karangploso', '051800'),
('051830', 'Kec. Dau', '051800'),
('051831', 'Kec. Pujon', '051800'),
('051832', 'Kec. Ngantang', '051800'),
('051833', 'Kec. Kasembon', '051800'),
('051901', 'Kec. Purwodadi', '051900'),
('051902', 'Kec. Tutur', '051900'),
('051903', 'Kec. Puspo', '051900'),
('051904', 'Kec. Tosari', '051900'),
('051905', 'Kec. Lumbang', '051900'),
('051906', 'Kec. Pasrepan', '051900'),
('051907', 'Kec. Kejayan', '051900'),
('051908', 'Kec. Wonorejo', '051900'),
('051909', 'Kec. Purwosari', '051900'),
('051910', 'Kec. Prigen', '051900'),
('051911', 'Kec. Sukorejo', '051900'),
('051912', 'Kec. Pandaan', '051900'),
('051913', 'Kec. Gempol', '051900'),
('051914', 'Kec. Beji', '051900'),
('051915', 'Kec. Bangil', '051900'),
('051916', 'Kec. Rembang', '051900'),
('051917', 'Kec. Kraton', '051900'),
('051918', 'Kec. Pohjentrek', '051900'),
('051919', 'Kec. Gondang Wetan', '051900'),
('051920', 'Kec. Rejoso', '051900'),
('051921', 'Kec. Winongan', '051900'),
('051922', 'Kec. Grati', '051900'),
('051923', 'Kec. Lekok', '051900'),
('051924', 'Kec. Nguling', '051900'),
('052001', 'Kec. Sukapura', '052000'),
('052002', 'Kec. Sumber', '052000'),
('052003', 'Kec. Kuripan', '052000'),
('052004', 'Kec. Bantaran', '052000'),
('052005', 'Kec. Leces', '052000'),
('052006', 'Kec. Tegalsiwalan', '052000'),
('052007', 'Kec. Banyuanyar', '052000'),
('052008', 'Kec. Tiris', '052000'),
('052009', 'Kec. Krucil', '052000'),
('052010', 'Kec. Gading', '052000'),
('052011', 'Kec. Pakuniran', '052000'),
('052012', 'Kec. Kotaanyar', '052000'),
('052013', 'Kec. Paiton', '052000'),
('052014', 'Kec. Besuk', '052000'),
('052015', 'Kec. Kraksaan', '052000'),
('052016', 'Kec. Krejengan', '052000'),
('052017', 'Kec. Pajarakan', '052000'),
('052018', 'Kec. Maron', '052000'),
('052019', 'Kec. Gending', '052000'),
('052020', 'Kec. Dringu', '052000'),
('052021', 'Kec. Wonomerto', '052000'),
('052022', 'Kec. Lumbang', '052000'),
('052023', 'Kec. Tongas', '052000'),
('052024', 'Kec. Sumberasih', '052000'),
('052101', 'Kec. Tempursari', '052100'),
('052102', 'Kec. Pronojiwo', '052100'),
('052103', 'Kec. Candipuro', '052100'),
('052104', 'Kec. Pasirian', '052100'),
('052105', 'Kec. Tempeh', '052100'),
('052106', 'Kec. Kunir', '052100'),
('052107', 'Kec. Yosowilangun', '052100'),
('052108', 'Kec. Rowokangkung', '052100'),
('052109', 'Kec. Tekung', '052100'),
('052110', 'Kec. Lumajang', '052100'),
('052111', 'Kec. Pasrujambe', '052100'),
('052112', 'Kec. Senduro', '052100'),
('052113', 'Kec. Padang', '052100'),
('052114', 'Kec. Sukodono', '052100'),
('052115', 'Kec. Jatiroto', '052100'),
('052116', 'Kec. Randuagung', '052100'),
('052117', 'Kec. Kedungjajang', '052100'),
('052118', 'Kec. Gucialit', '052100'),
('052119', 'Kec. Klakah', '052100'),
('052120', 'Kec. Ranuyoso', '052100'),
('052121', 'Kec. Sumbersuko', '052100'),
('052201', 'Kec. Maesan', '052200'),
('052202', 'Kec. Grujugan', '052200'),
('052203', 'Kec. Tamanan', '052200'),
('052204', 'Kec. Pujer', '052200'),
('052205', 'Kec. Tlogosari', '052200'),
('052206', 'Kec. Sukosari', '052200'),
('052207', 'Kec. Tapen', '052200'),
('052208', 'Kec. Wonosari', '052200'),
('052209', 'Kec. Tenggarang', '052200'),
('052210', 'Kec. Bondowoso', '052200'),
('052211', 'Kec. Curahdami', '052200'),
('052212', 'Kec. Pakem', '052200'),
('052213', 'Kec. Wringin', '052200'),
('052214', 'Kec. Tegalampel', '052200'),
('052215', 'Kec. Klabang', '052200'),
('052216', 'Kec. Prajekan', '052200'),
('052217', 'Kec. Cermee', '052200'),
('052218', 'Kec. Binakal', '052200'),
('052219', 'Kec. Sumber Wringin', '052200'),
('052220', 'Kec. Ijen', '052200'),
('052221', 'Kec. Jambesari Darus Sholah', '052200'),
('052222', 'Kec. Taman Krocok', '052200'),
('052223', 'Kec. Botolinggo', '052200'),
('052301', 'Kec. Sumbermalang', '052300'),
('052302', 'Kec. Jatibanteng', '052300'),
('052303', 'Kec. Banyuglugur', '052300'),
('052304', 'Kec. Besuki', '052300'),
('052305', 'Kec. Suboh', '052300'),
('052306', 'Kec. Mlandingan', '052300'),
('052307', 'Kec. Bungatan', '052300'),
('052308', 'Kec. Kendit', '052300'),
('052309', 'Kec. Panarukan', '052300'),
('052310', 'Kec. Situbondo', '052300'),
('052311', 'Kec. Mangaran', '052300'),
('052312', 'Kec. Panji', '052300'),
('052313', 'Kec. Kapongan', '052300'),
('052314', 'Kec. Arjasa', '052300'),
('052315', 'Kec. Jangkar', '052300'),
('052316', 'Kec. Asembagus', '052300'),
('052317', 'Kec. Banyuputih', '052300'),
('052401', 'Kec. Kencong', '052400'),
('052402', 'Kec. Gumuk Mas', '052400'),
('052403', 'Kec. Puger', '052400'),
('052404', 'Kec. Wuluhan', '052400'),
('052405', 'Kec. Ambulu', '052400'),
('052406', 'Kec. Tempurejo', '052400'),
('052407', 'Kec. Silo', '052400'),
('052408', 'Kec. Mayang', '052400'),
('052409', 'Kec. Mumbulsari', '052400'),
('052410', 'Kec. Jenggawah', '052400'),
('052411', 'Kec. Ajung', '052400'),
('052412', 'Kec. Rambipuji', '052400'),
('052413', 'Kec. Balung', '052400'),
('052414', 'Kec. Umbulsari', '052400'),
('052415', 'Kec. Semboro', '052400'),
('052416', 'Kec. Jombang', '052400'),
('052417', 'Kec. Sumberbaru', '052400'),
('052418', 'Kec. Tanggul', '052400'),
('052419', 'Kec. Bangsalsari', '052400'),
('052420', 'Kec. Panti', '052400'),
('052421', 'Kec. Sukorambi', '052400'),
('052422', 'Kec. Arjasa', '052400'),
('052423', 'Kec. Pakusari', '052400'),
('052424', 'Kec. Kalisat', '052400'),
('052425', 'Kec. Ledok Ombo', '052400'),
('052426', 'Kec. Sumberjambe', '052400'),
('052427', 'Kec. Sukowono', '052400'),
('052428', 'Kec. Jelbuk', '052400'),
('052429', 'Kec. Kaliwates', '052400'),
('052430', 'Kec. Sumbersari', '052400'),
('052431', 'Kec. Patrang', '052400'),
('052501', 'Kec. Pesanggaran', '052500'),
('052502', 'Kec. Bangorejo', '052500'),
('052503', 'Kec. Purwoharjo', '052500'),
('052504', 'Kec. Tegaldlimo', '052500'),
('052505', 'Kec. Muncar', '052500'),
('052506', 'Kec. Cluring', '052500'),
('052507', 'Kec. Gambiran', '052500'),
('052508', 'Kec. Glenmore', '052500'),
('052509', 'Kec. Kalibaru', '052500'),
('052510', 'Kec. Genteng', '052500'),
('052511', 'Kec. Srono', '052500'),
('052512', 'Kec. Rogojampi', '052500'),
('052513', 'Kec. Kabat', '052500'),
('052514', 'Kec. Singojuruh', '052500'),
('052515', 'Kec. Sempu', '052500'),
('052516', 'Kec. Songgon', '052500'),
('052517', 'Kec. Glagah', '052500'),
('052518', 'Kec. Banyuwangi', '052500'),
('052519', 'Kec. Giri', '052500'),
('052520', 'Kec. Kalipuro', '052500'),
('052521', 'Kec. Wongsorejo', '052500'),
('052522', 'Kec. Licin', '052500'),
('052523', 'Kec. Tegalsari', '052500'),
('052524', 'Kec. Siliragung', '052500'),
('052525', 'Kec. Blimbingsari', '052500'),
('052601', 'Kec. Tlanakan', '052600'),
('052602', 'Kec. Pademawu', '052600'),
('052603', 'Kec. Galis', '052600'),
('052604', 'Kec. Larangan', '052600'),
('052605', 'Kec. Pamekasan', '052600'),
('052606', 'Kec. Proppo', '052600'),
('052607', 'Kec. Palengaan', '052600'),
('052608', 'Kec. Pegantenan', '052600'),
('052609', 'Kec. Kadur', '052600'),
('052610', 'Kec. Pakong', '052600'),
('052611', 'Kec. Waru', '052600'),
('052612', 'Kec. Batu Marmar', '052600'),
('052613', 'Kec. Pasean', '052600'),
('052701', 'Kec. Sreseh', '052700'),
('052702', 'Kec. Torjun', '052700'),
('052703', 'Kec. Sampang', '052700'),
('052704', 'Kec. Camplong', '052700'),
('052705', 'Kec. Omben', '052700'),
('052706', 'Kec. Kedungdung', '052700'),
('052707', 'Kec. Jrengik', '052700'),
('052708', 'Kec. Tambelangan', '052700'),
('052709', 'Kec. Banyuates', '052700'),
('052710', 'Kec. Robatal', '052700'),
('052711', 'Kec. Ketapang', '052700'),
('052712', 'Kec. Sokobanah', '052700'),
('052713', 'Kec. Karangpenang', '052700'),
('052714', 'Kec. Pangarengan', '052700'),
('052801', 'Kec. Pragaan', '052800'),
('052802', 'Kec. Bluto', '052800'),
('052803', 'Kec. Saronggi', '052800'),
('052804', 'Kec. Giligenteng', '052800'),
('052805', 'Kec. Talango', '052800'),
('052806', 'Kec. Kalianget', '052800'),
('052807', 'Kec. Kota Sumenep', '052800'),
('052808', 'Kec. Lenteng', '052800'),
('052809', 'Kec. Ganding', '052800'),
('052810', 'Kec. Guluk Guluk', '052800'),
('052811', 'Kec. Pasongsongan', '052800'),
('052812', 'Kec. Ambunten', '052800'),
('052813', 'Kec. Rubaru', '052800'),
('052814', 'Kec. Dasuk', '052800'),
('052815', 'Kec. Manding', '052800'),
('052816', 'Kec. Batuputih', '052800'),
('052817', 'Kec. Gapura', '052800'),
('052818', 'Kec. Batang-Batang', '052800'),
('052819', 'Kec. Dungkek', '052800'),
('052820', 'Kec. Nonggunong', '052800'),
('052821', 'Kec. Gayam', '052800'),
('052822', 'Kec. Ra as', '052800'),
('052823', 'Kec. Sapeken', '052800'),
('052824', 'Kec. Arjasa', '052800'),
('052825', 'Kec. Masalembu', '052800'),
('052827', 'Kec. Batuan', '052800'),
('052828', 'Kec. Kangayan', '052800'),
('052901', 'Kec. Kamal', '052900'),
('052902', 'Kec. Labang', '052900'),
('052903', 'Kec. Kwanyar', '052900'),
('052904', 'Kec. Modung', '052900'),
('052905', 'Kec. Blega', '052900'),
('052906', 'Kec. Konang', '052900'),
('052907', 'Kec. Galis', '052900'),
('052908', 'Kec. Tanah Merah', '052900'),
('052909', 'Kec. Tragah', '052900'),
('052910', 'Kec. Socah', '052900'),
('052911', 'Kec. Bangkalan', '052900'),
('052912', 'Kec. Burneh', '052900'),
('052913', 'Kec. Arosbaya', '052900'),
('052914', 'Kec. Geger', '052900'),
('052915', 'Kec. Kokop', '052900'),
('052916', 'Kec. Tanjungbumi', '052900'),
('052917', 'Kec. Sepulu', '052900'),
('052918', 'Kec. Klampis', '052900'),
('056001', 'Kec. Karang Pilang', '056000'),
('056002', 'Kec. Jambangan', '056000'),
('056003', 'Kec. Gayungan', '056000'),
('056004', 'Kec. Wonocolo', '056000'),
('056005', 'Kec. Tenggilis Mejoyo', '056000'),
('056006', 'Kec. Gununganyar', '056000'),
('056007', 'Kec. Rungkut', '056000'),
('056008', 'Kec. Sukolilo', '056000'),
('056009', 'Kec. Mulyorejo', '056000'),
('056010', 'Kec. Gubeng', '056000'),
('056011', 'Kec. Wonokromo', '056000'),
('056012', 'Kec. Dukuh Pakis', '056000'),
('056013', 'Kec. Wiyung', '056000'),
('056014', 'Kec. Lakarsantri', '056000'),
('056015', 'Kec. Tandes', '056000'),
('056016', 'Kec. Sukomanunggal', '056000'),
('056017', 'Kec. Sawahan', '056000'),
('056018', 'Kec. Tegal Sari', '056000'),
('056019', 'Kec. Genteng', '056000'),
('056020', 'Kec. Tambaksari', '056000'),
('056021', 'Kec. Kenjeran', '056000'),
('056022', 'Kec. Simokerto', '056000'),
('056023', 'Kec. Semampir', '056000'),
('056024', 'Kec. Pabean Cantian', '056000'),
('056025', 'Kec. Bubutan', '056000'),
('056026', 'Kec. Krembangan', '056000'),
('056027', 'Kec. Asemrowo', '056000'),
('056028', 'Kec. Benowo', '056000'),
('056029', 'Kec. Bulak', '056000'),
('056030', 'Kec. Pakal', '056000'),
('056031', 'Kec. Sambi Kerep', '056000'),
('056101', 'Kec. Kedungkandang', '056100'),
('056102', 'Kec. Sukun', '056100'),
('056103', 'Kec. Klojen', '056100'),
('056104', 'Kec. Blimbing', '056100'),
('056105', 'Kec. Lowokwaru', '056100'),
('056201', 'Kec. Manguharjo', '056200'),
('056202', 'Kec. Taman', '056200'),
('056203', 'Kec. Kartoharjo', '056200'),
('056301', 'Kec. Mojoroto', '056300'),
('056302', 'Kec. Kota Kediri', '056300'),
('056303', 'Kec. Pesantren', '056300'),
('056401', 'Kec. Prajurit Kulon', '056400'),
('056402', 'Kec. Magersari', '056400'),
('056403', 'Kec. Kranggan', '056400'),
('056501', 'Kec. Sukorejo', '056500'),
('056502', 'Kec. Kepanjenkidul', '056500'),
('056503', 'Kec. Sananwetan', '056500'),
('056601', 'Kec. Gadingrejo', '056600'),
('056602', 'Kec. Purworejo', '056600'),
('056603', 'Kec. Bugul Kidul', '056600'),
('056604', 'Kec. Panggungrejo', '056600'),
('056701', 'Kec. Kademangan', '056700'),
('056702', 'Kec. Wonoasih', '056700'),
('056703', 'Kec. Mayangan', '056700'),
('056704', 'Kec. Kedopok', '056700'),
('056705', 'Kec. Kanigaran', '056700'),
('056801', 'Kec. Batu', '056800'),
('056802', 'Kec. Junrejo', '056800'),
('056803', 'Kec. Bumiaji', '056800'),
('060101', 'Kec. Lhoong', '060100'),
('060102', 'Kec. Lhoknga', '060100'),
('060103', 'Kec. Indrapuri', '060100'),
('060104', 'Kec. Seulimeum', '060100'),
('060105', 'Kec. Mesjid Raya', '060100'),
('060106', 'Kec. Darussalam', '060100'),
('060107', 'Kec. Kuta Baro', '060100'),
('060108', 'Kec. Montasik', '060100'),
('060109', 'Kec. Ingin Jaya', '060100'),
('060110', 'Kec. Suka Makmur', '060100'),
('060111', 'Kec. Darul Imarah', '060100'),
('060112', 'Kec. Peukan Bada', '060100'),
('060113', 'Kec. Pulo Aceh', '060100'),
('060114', 'Kec. Leupung', '060100'),
('060115', 'Kec. Kuta Malaka', '060100'),
('060116', 'Kec. Lembah Seulawah', '060100'),
('060117', 'Kec. Kota Jantho', '060100'),
('060118', 'Kec. Baitussalam', '060100'),
('060119', 'Kec. Krung Barona Jaya', '060100'),
('060120', 'Kec. Simpang Tiga', '060100'),
('060121', 'Kec. Kuta Cot Glie', '060100'),
('060122', 'Kec. Darul Kamal', '060100'),
('060123', 'Kec. Blang Bintang', '060100'),
('060201', 'Kec. Geumpang', '060200'),
('060207', 'Kec. Glumpang Tiga', '060200'),
('060208', 'Kec. Mutiara', '060200'),
('060209', 'Kec. Tiro/Truseb', '060200'),
('060210', 'Kec. Tangse', '060200'),
('060212', 'Kec. Sakti', '060200'),
('060213', 'Kec. Mila', '060200'),
('060214', 'Kec. Padang Tiji', '060200'),
('060215', 'Kec. Delima', '060200'),
('060216', 'Kec. Indrajaya', '060200'),
('060217', 'Kec. Peukan Baro', '060200'),
('060218', 'Kec. Kembang Tanjung', '060200'),
('060219', 'Kec. Simpang Tiga', '060200'),
('060220', 'Kec. Kota Sigli', '060200'),
('060221', 'Kec. Pidie', '060200'),
('060222', 'Kec. Batee', '060200'),
('060223', 'Kec. Muara Tiga', '060200'),
('060224', 'Kec. Mane', '060200'),
('060227', 'Kec. Grong-Grong', '060200'),
('060228', 'Kec. Mutiara Timur', '060200'),
('060230', 'Kec. Glumpang Baro', '060200'),
('060231', 'Kec. Keumala', '060200'),
('060232', 'Kec. Titeu', '060200'),
('060301', 'Kec. Sawang', '060300'),
('060302', 'Kec. Nisam', '060300'),
('060303', 'Kec. Kuta Makmur', '060300'),
('060304', 'Kec. Syamtalira Bayu', '060300'),
('060305', 'Kec. Meurah Mulia', '060300'),
('060306', 'Kec. Matangkuli', '060300'),
('060307', 'Kec. Cot Girek', '060300'),
('060308', 'Kec. Tanah Jambo Aye', '060300'),
('060309', 'Kec. Seunuddon', '060300'),
('060310', 'Kec. Baktiya', '060300'),
('060312', 'Kec. Tanah Luas', '060300'),
('060313', 'Kec. Samudera', '060300'),
('060314', 'Kec. Syamtalira Aron', '060300'),
('060315', 'Kec. Tanah Pasir', '060300'),
('060316', 'Kec. Langkahan', '060300'),
('060317', 'Kec. Baktiya Barat', '060300'),
('060318', 'Kec. Simpang Keramat', '060300'),
('060319', 'Kec. Nibong', '060300'),
('060320', 'Kec. Paya Bakong', '060300'),
('060321', 'Kec. Muara Batu', '060300'),
('060322', 'Kec. Dewantara', '060300'),
('060323', 'Kec. Lhoksukon', '060300'),
('060326', 'Kec. Lapang', '060300'),
('060327', 'Kec. Pirak Timu', '060300'),
('060328', 'Kec. Geureudong Pase', '060300'),
('060329', 'Kec. Banda Baro', '060300'),
('060330', 'Kec. Nisam Antara', '060300'),
('060408', 'Kec. Serba Jadi', '060400'),
('060409', 'Kec. Birem Bayeun', '060400'),
('060410', 'Kec. Rantau Selamat', '060400'),
('060411', 'Kec. Peureulak', '060400'),
('060412', 'Kec. Ranto Peureulak', '060400'),
('060413', 'Kec. Idi Rayeuk', '060400'),
('060414', 'Kec. Darul Aman', '060400'),
('060415', 'Kec. Nurussalam', '060400'),
('060416', 'Kec. Julok', '060400'),
('060417', 'Kec. Pante Beudari', '060400'),
('060418', 'Kec. Simpang Ulim', '060400'),
('060419', 'Kec. Sungai Raya', '060400'),
('060420', 'Kec. Peureulak Timur', '060400'),
('060421', 'Kec. Peureulak Barat', '060400'),
('060422', 'Kec. Banda Alam', '060400'),
('060423', 'Kec. Idi Tunong', '060400'),
('060424', 'Kec. Peudawa', '060400'),
('060425', 'Kec. Indra Makmur', '060400'),
('060426', 'Kec. Madat', '060400'),
('060428', 'Kec. Simpang Jernih', '060400'),
('060429', 'Kec. Darul Ihsan', '060400'),
('060430', 'Kec. Peunaron', '060400'),
('060431', 'Kec. Idi Timur', '060400'),
('060432', 'Kec. Darul Falah', '060400'),
('060501', 'Kec. Linge', '060500'),
('060502', 'Kec. Bintang', '060500'),
('060504', 'Kec. Pegasing', '060500'),
('060505', 'Kec. Bebesen', '060500'),
('060506', 'Kec. Silih Nara', '060500'),
('060512', 'Kec. Kute Panang', '060500'),
('060513', 'Kec. Ketol', '060500'),
('060514', 'Kec. Celala', '060500'),
('060522', 'Kec. Kebayakan', '060500'),
('060524', 'Kec. Laut Tawar', '060500'),
('060525', 'Kec. Atu Lintang', '060500'),
('060526', 'Kec. Jagong Jeget', '060500'),
('060527', 'Kec. Bies', '060500'),
('060528', 'Kec. Rusip Antara', '060500'),
('060605', 'Kec. Johan Pahlawan', '060600'),
('060606', 'Kec. Samatiga', '060600'),
('060607', 'Kec. Woyla', '060600'),
('060608', 'Kec. Kaway XVI', '060600'),
('060609', 'Kec. Sungai Mas', '060600'),
('060610', 'Kec. Bubon', '060600'),
('060611', 'Kec. Arongan Lambalek', '060600'),
('060612', 'Kec. Meureubo', '060600'),
('060613', 'Kec. Pantee Ceureumen', '060600'),
('060614', 'Kec. Woyla Barat', '060600'),
('060615', 'Kec. Woyla Timur', '060600'),
('060616', 'Kec. Panton Reu', '060600'),
('060701', 'Kec. Trumon', '060700'),
('060702', 'Kec. Bakongan', '060700'),
('060703', 'Kec. Kluet Selatan', '060700'),
('060704', 'Kec. Kluet Utara', '060700'),
('060705', 'Kec. Tapak Tuan', '060700'),
('060706', 'Kec. Samadua', '060700'),
('060707', 'Kec. Sawang', '060700'),
('060708', 'Kec. Meukek', '060700'),
('060709', 'Kec. Labuhan Haji', '060700'),
('060710', 'Kec. Pasie Raja', '060700'),
('060711', 'Kec. Trumon Timur', '060700'),
('060712', 'Kec. Kluet Timur', '060700'),
('060713', 'Kec. Bakongan Timur', '060700'),
('060714', 'Kec. Kluet Tengah', '060700'),
('060715', 'Kec. Labuhan Haji Barat', '060700'),
('060716', 'Kec. Labuhan Haji Timur', '060700'),
('060717', 'Kec. Kota Bahagia', '060700'),
('060718', 'Kec. Trumon Tengah', '060700'),
('060801', 'Kec. Lawe Alas', '060800'),
('060802', 'Kec. Lawe Sigala-Gala', '060800'),
('060803', 'Kec. Bambel', '060800'),
('060804', 'Kec. Babussalam', '060800'),
('060805', 'Kec. Badar', '060800'),
('060806', 'Kec. Darul Hasanah', '060800'),
('060807', 'Kec. Babul Makmur', '060800'),
('060808', 'Kec. Lawe Bulan', '060800'),
('060809', 'Kec. Bukit Tusam', '060800'),
('060810', 'Kec. Semadam', '060800'),
('060811', 'Kec. Babul Rahmat', '060800'),
('060822', 'Kec. Ketambe', '060800'),
('060823', 'Kec. Deleng Pokhkisen', '060800'),
('060824', 'Kec. Lawe Sumur', '060800'),
('060825', 'Kec. Tanoh Alas', '060800'),
('060826', 'Kec. Lueser', '060800');

-- --------------------------------------------------------

--
-- Table structure for table `login_attempts`
--

CREATE TABLE `login_attempts` (
  `id` int(11) UNSIGNED NOT NULL,
  `ip_address` varchar(45) NOT NULL,
  `login` varchar(100) NOT NULL,
  `time` int(11) UNSIGNED DEFAULT NULL
) ENGINE=InnoDB DEFAULT CHARSET=utf8;

-- --------------------------------------------------------

--
-- Table structure for table `permissions`
--

CREATE TABLE `permissions` (
  `id` int(11) NOT NULL,
  `perm_key` varchar(30) NOT NULL,
  `perm_name` varchar(100) NOT NULL
) ENGINE=InnoDB DEFAULT CHARSET=latin1;

--
-- Dumping data for table `permissions`
--

INSERT INTO `permissions` (`id`, `perm_key`, `perm_name`) VALUES
(14, 'others>live_news>read', 'Membaca headline berita.'),
(15, 'hak_akses>read', 'Melihat data hak akses'),
(16, 'hak_akses>create', 'Create hak akses baru'),
(17, 'hak_akses>update', 'Edit hak akses'),
(18, 'user>create', 'Create pengguna baru'),
(19, 'user>read', 'Read data user'),
(20, 'user>update', 'Update data user'),
(21, 'user>delete', 'Delete data user'),
(22, 'track>school>view', 'Melihat persebaran lokasi sekolah yang dicari'),
(24, 'track>school>near_me', 'Melihat sekolah sekolah terdekat dengan pengguna'),
(25, 'master>provinsi>read', 'Melihat informasi data provinsi'),
(26, 'master>provinsi>sync', 'Melakukan sinkronisasi data provinsi dengan data kemendikbud'),
(27, 'master>kabupaten>read', 'Melihat informasi data kabupaten'),
(28, 'master>kabupaten>sync', 'Melakukan sinkronisasi data kabupaten dengan data kemendikbud'),
(29, 'master>kecamatan>read', 'Melihat informasi data kecamatan'),
(30, 'master>kecamatan>sync', 'Melakukan sinkronisasi data kecamatan dengan data kemendikbud'),
(31, 'master>sekolah>read', 'Melihat informasi data sekolah'),
(32, 'master>sekolah>sync', 'Melakukan sinkronisasi data sekolah dengan data kemendikbud');

-- --------------------------------------------------------

--
-- Table structure for table `provinsi`
--

CREATE TABLE `provinsi` (
  `kode_wilayah` varchar(15) NOT NULL,
  `nama` varchar(125) NOT NULL
) ENGINE=InnoDB DEFAULT CHARSET=latin1;

--
-- Dumping data for table `provinsi`
--

INSERT INTO `provinsi` (`kode_wilayah`, `nama`) VALUES
('010000', 'Prov. D.K.I. Jakarta'),
('020000', 'Prov. Jawa Barat'),
('030000', 'Prov. Jawa Tengah'),
('040000', 'Prov. D.I. Yogyakarta'),
('050000', 'Prov. Jawa Timur'),
('060000', 'Prov. Aceh'),
('070000', 'Prov. Sumatera Utara'),
('080000', 'Prov. Sumatera Barat'),
('090000', 'Prov. Riau'),
('100000', 'Prov. Jambi'),
('110000', 'Prov. Sumatera Selatan'),
('120000', 'Prov. Lampung'),
('130000', 'Prov. Kalimantan Barat'),
('140000', 'Prov. Kalimantan Tengah'),
('150000', 'Prov. Kalimantan Selatan'),
('160000', 'Prov. Kalimantan Timur'),
('170000', 'Prov. Sulawesi Utara'),
('180000', 'Prov. Sulawesi Tengah'),
('190000', 'Prov. Sulawesi Selatan'),
('200000', 'Prov. Sulawesi Tenggara'),
('210000', 'Prov. Maluku'),
('220000', 'Prov. Bali'),
('230000', 'Prov. Nusa Tenggara Barat'),
('240000', 'Prov. Nusa Tenggara Timur'),
('250000', 'Prov. Papua'),
('260000', 'Prov. Bengkulu'),
('270000', 'Prov. Maluku Utara'),
('280000', 'Prov. Banten'),
('290000', 'Prov. Kepulauan Bangka Belitung'),
('300000', 'Prov. Gorontalo'),
('310000', 'Prov. Kepulauan Riau'),
('320000', 'Prov. Papua Barat'),
('330000', 'Prov. Sulawesi Barat'),
('340000', 'Prov. Kalimantan Utara'),
('350000', 'Luar Negeri');

-- --------------------------------------------------------

--
-- Table structure for table `sekolah`
--

CREATE TABLE `sekolah` (
  `id` int(11) NOT NULL,
  `nama` varchar(125) NOT NULL,
  `alamat` varchar(150) NOT NULL,
  `latitude` varchar(20) DEFAULT NULL,
  `longitude` varchar(20) DEFAULT NULL,
  `jenjang` varchar(5) NOT NULL,
  `status` char(1) NOT NULL,
  `kode_kecamatan` varchar(15) NOT NULL,
  `kode_kabupaten` varchar(15) NOT NULL,
  `kode_provinsi` varchar(15) NOT NULL
) ENGINE=InnoDB DEFAULT CHARSET=latin1;

--
-- Dumping data for table `sekolah`
--

INSERT INTO `sekolah` (`id`, `nama`, `alamat`, `latitude`, `longitude`, `jenjang`, `status`, `kode_kecamatan`, `kode_kabupaten`, `kode_provinsi`) VALUES
(1, 'SD N BANGKA 07 PG', 'Jl. Kemang Timur XI No. I B', '-6.2664000', '106.8276000', 'SD', 'N', '016307', '016300', '010000'),
(2, 'SD N BANGKA 05 PG', 'Jl. Kemang Selatan I', '-6.2649000', '106.8201000', 'SD', 'N', '016307', '016300', '010000'),
(3, 'SDS HARAPAN BUNDA', 'JL. SEKOLAH RT 008 RW 011 TEGAL ALUR KALIDERES', '-6.1165360', '106.7123300', 'SD', 'S', '016208', '016200', '010000'),
(4, 'SD NEGERI KEBON MELATI 01 PG', 'Jl. Sabeni No. 12', '-6.1933000', '106.8139000', 'SD', 'N', '016001', '016000', '010000'),
(5, 'SD Nation First School', 'Jl. Jembatan Tiga No.36 BE-BI Komplek Tama Indah', '-6.1138250', '106.7520740', 'SD', 'S', '016101', '016100', '010000'),
(6, 'SDK SANG TIMUR', 'Jl. Seruni Blok D.I  NO. 8A', '-6.1884000', '106.9519000', 'SD', 'S', '016408', '016400', '010000'),
(7, 'SDS Islam Darus Syifa', 'Jl. S. Barito No. 45 Kp. Kurus', '-6.1295000', '106.9286000', 'SD', 'S', '016106', '016100', '010000'),
(8, 'SD NEGERI CILINCING 04 PT', 'Jl. Sungai Landak No. 36', '-6.1025000', '106.9382000', 'SD', 'N', '016106', '016100', '010000'),
(9, 'SMP Negeri 229', 'Jl. Raya Kebon Jeruk NO. 39', '-6.1976000', '106.7724000', 'SMP', 'N', '016202', '016200', '010000'),
(10, 'SD NEGERI PEJATEN BARAT 10 PG', 'Jl. Amil Rt. 002/04', '-6.2733000', '106.8365000', 'SD', 'N', '016302', '016300', '010000'),
(11, 'SD NEGERI KALISARI 02 PAGI', 'Jl. Raya Cijantung IV', '-6.3327000', '106.8460000', 'SD', 'N', '016401', '016400', '010000'),
(12, 'SDN JATINEGARA 08', 'Jl. Buaran I  Rt.006/08', '-6.2137000', '106.9216000', 'SD', 'N', '016408', '016400', '010000'),
(13, 'SDS Sukses Abadi', 'Jl. Moa No.52-52A Teluk Gong Jakarta Utara', '-6.1387000', '106.7808000', 'SD', 'S', '016101', '016100', '010000'),
(14, 'SDS GLOBAL SEVILLA PURI INDAH', 'Jl. Kembangan Raya Blok JJ Puri Indah', '-6.1873000', '106.7462000', 'SD', 'S', '016201', '016200', '010000'),
(15, 'SMP Darul Mukminin', 'Jl. Matraman Raya No. 177', '-6.2187000', '106.8767000', 'SMP', 'S', '016406', '016400', '010000'),
(16, 'SD NEGERI KEMANGGISAN 10 PAGI', 'Jl. Anggrek Rosliana VII', '-6.1937000', '106.7914000', 'SD', 'N', '016203', '016200', '010000'),
(17, 'SDN Cempaka Putih Barat 07 Pg.', 'Jl. Percetakan Negara Raya No. 16', '-6.1875000', '106.8642000', 'SD', 'N', '016005', '016000', '010000'),
(18, 'SDS Muhammadiyah 08', 'Jl. Bunga Rampai X', '-6.2218000', '106.9350000', 'SD', 'S', '016407', '016400', '010000'),
(19, 'SMP NEGERI 16 JAKARTA', 'Jl. Palmerah Barat No. 59', '-6.2289000', '106.7859000', 'SMP', 'N', '016305', '016300', '010000'),
(20, 'SDS BINA BANGSA', 'Jl Budhi 87 RT 002/04', '-6.2143000', '106.7777000', 'SD', 'S', '016203', '016200', '010000'),
(21, 'SD NEGERI SRENGSENG SAWAH 14 PG', 'Jl. Raya Depok Gg. H.sibi Rt.02/02', '-6.3500000', '106.8341000', 'SD', 'N', '016301', '016300', '010000'),
(22, 'SMP PSKD 1', 'Jl. Kwini I No. 1 Jakarta Pusat', '-6.1810000', '106.8384000', 'SMP', 'S', '016003', '016000', '010000'),
(23, 'SDN UTAN KAYU SELATAN 14 PAGI', 'JL. GALUR SARI TIMUR', '-6.1983000', '106.8685000', 'SD', 'N', '016410', '016400', '010000'),
(24, 'SMP NEGERI 159 JAKARTA', 'Jl. Jembatan Besi Raya No. 24', '-6.1524000', '106.7964000', 'SMP', 'N', '016205', '016200', '010000'),
(25, 'SMP Negeri 92', 'Jl. Perhubungan XII Rawamangun', '-6.1999000', '106.8993000', 'SMP', 'N', '016409', '016400', '010000'),
(26, 'SD NEGERI TEGAL ALUR 12 PT', 'Jl. Miranda Rt. 005/07', '-6.1228000', '106.7198000', 'SD', 'N', '016208', '016200', '010000'),
(27, 'SD NEGERI PLUIT 05 PG', 'Komplek Nelayan Muara Angke', '-6.1117000', '106.7707000', 'SD', 'N', '016101', '016100', '010000'),
(28, 'SDN Rorotan 05', 'Jl. Rorotan XI Rt. 003/ 06', '-6.1440000', '106.9561000', 'SD', 'N', '016106', '016100', '010000'),
(29, 'SDN Kamal Muara 01 Pg.', 'Jl. Raya Kamal Pantai No.5', '-6.0941000', '106.7209000', 'SD', 'N', '016101', '016100', '010000'),
(30, 'SMAS PSKD MANDIRI', 'JL. GGSY RATULANGI NO.14', '-6.1886000', '106.8319000', 'SMA', 'S', '016002', '016000', '010000'),
(31, 'SDS Santo Paulus St.', 'Jl. Danau Agung No. 13', '-6.1465000', '106.8635000', 'SD', 'S', '016103', '016100', '010000'),
(32, 'SMP Negeri 57', 'Jl. Halimun Raya No. 2b', '-6.2063000', '106.8321000', 'SMP', 'N', '016310', '016300', '010000'),
(33, 'SDN Tugu Utara 19 Pg.', 'Jl. Kramat Jaya Gg.VIII Blok R', '-6.1196000', '106.9194000', 'SD', 'N', '016104', '016100', '010000'),
(34, 'SDS Muhamadiyah 17', 'Jl. Kampung Bahari Gang ll No. 68', '-6.1155000', '106.8765000', 'SD', 'S', '016103', '016100', '010000'),
(35, 'SMP Pattimura', 'Jl. Jagakarsa Raya No. 88', '-6.3266000', '106.8191000', 'SMP', 'S', '016301', '016300', '010000'),
(36, 'SMP Negeri 53', 'Jl. Tanah Merdeka 33', '-6.1055000', '106.9210000', 'SMP', 'N', '016106', '016100', '010000'),
(37, 'SD ISLAM AL HIDAYAH', 'Jln. Srengseng Sawah No.74', '-6.3465000', '106.8220000', 'SD', 'S', '016301', '016300', '010000'),
(38, 'SMP Bait Al Rahman', 'Jl. Duren Tiga Selatan VII Rt.04/02', '-6.2601000', '106.8299000', 'SMP', 'S', '016308', '016300', '010000'),
(39, 'SMP K GENESARET', 'Jl. Bandengan Utara No. 40 D', '-6.1203000', '106.8047000', 'SMP', 'S', '016101', '016100', '010000'),
(40, 'SD NEGERI CIPAYUNG 04 PG', 'Jl. SMAN 64 RT 005/02', '-6.3305000', '106.8907000', 'SD', 'N', '016403', '016400', '010000'),
(41, 'SDN Kalideres 07 Pg.', 'Jl. Peta Selatan No. 7 B', '-6.1485000', '106.7031000', 'SD', 'N', '016208', '016200', '010000'),
(42, 'SD NEGERI KRUKUT 01 PG', 'Jl. K.H. Zainul Arifin No. 4', '-6.1585000', '106.8135000', 'SD', 'N', '016206', '016200', '010000'),
(43, 'SDS Al Ikhlash', 'Jl. Dewi Sartika No. 200', '-6.2672000', '106.8690000', 'SD', 'S', '016405', '016400', '010000'),
(44, 'SMP EMIRATTES SCHOOL', 'Jl. Anggrek I No.6 Rt 011 Rw 03 Bintaro Pesanggrahan Jakarta Selatan', '-6.2861220', '106.7675330', 'SMP', 'S', '016304', '016300', '010000'),
(45, 'SD NEGERI ULUJAMI 07 PAGI', 'Jl. H. Rohimin Rt .019/03', '-6.2311000', '106.7650000', 'SD', 'N', '016304', '016300', '010000'),
(46, 'SMP NEGERI 138 JAKARTA', 'Jl. P Komarudin', '-6.2056000', '106.9415000', 'SMP', 'N', '016408', '016400', '010000'),
(47, 'SMP NEGERI 241', 'Jl. Pendidikan', '-5.7985000', '106.5003000', 'SMP', 'N', '010101', '010100', '010000'),
(48, 'SMP Pelita Dua Strada', 'Jl. Fajar Baru Selatan No. 26', '-6.1467000', '106.7357000', 'SMP', 'S', '016207', '016200', '010000'),
(49, 'SD NEGERI TANJUNG DUREN SELATAN 07 PG', 'Jl. Tanjung Duren Timur Dalam IV/26', '-6.1813000', '106.7852000', 'SD', 'N', '016204', '016200', '010000'),
(50, 'SMP 1945', 'Jl. H. Awaludin I/23', '-6.1987000', '106.8131000', 'SMP', 'S', '016001', '016000', '010000'),
(51, 'SMP Negeri 20', 'Jl. Komp. Bulak Rantai', '-6.2858000', '106.8691000', 'SMP', 'N', '016405', '016400', '010000'),
(52, 'SMP YAPIS', 'Jl. Lingkungan III  Rt. 002 Rw. 03', '-6.1135000', '106.7113000', 'SMP', 'S', '016208', '016200', '010000'),
(53, 'SDN PISANGAN BARU 01', 'Jl. Jendral Ahmad Yani No.30', '-6.2105000', '106.8731000', 'SD', 'N', '016410', '016400', '010000'),
(54, 'SMP Nurul Falah', 'Jl. Dewa Kembar Rt.010/01', '-6.1223000', '106.9138000', 'SMP', 'S', '016106', '016100', '010000'),
(55, 'SDN Susukan 02 Pg.', 'Jl. Makmur IV Rt. 009/ 02', '-6.3108000', '106.8657000', 'SD', 'N', '016402', '016400', '010000'),
(56, 'SMP ANANDA ISLAMIC SCHOOL', 'JL. TANJUNG PURA NO 34', '-6.1324000', '106.6913000', 'SMP', 'S', '016208', '016200', '010000'),
(57, 'SDN Kenari 08', 'Jl. Salemba Raya No. 18', '-6.1992000', '106.8495000', 'SD', 'N', '016003', '016000', '010000'),
(58, 'SMP NEGERI 211', 'Jl. Smp 211 Srengseng Sawah', '-6.3545000', '106.8186000', 'SMP', 'N', '016301', '016300', '010000'),
(59, 'SMP Negeri 200', 'Jl. Rorotan IX No. 2', '-6.1424000', '106.9525000', 'SMP', 'N', '016106', '016100', '010000'),
(60, 'SD MUHAMMADIYAH 11', 'Jl.tanjung Lengkong No. 4', '-6.2399000', '106.8662000', 'SD', 'S', '016406', '016400', '010000'),
(61, 'SD NEGERI UTAN KAYU SELATAN 23 PAGI', 'Jl. Kramat Asem No. 46', '-6.2035000', '106.8707000', 'SD', 'N', '016410', '016400', '010000'),
(62, 'SD NEGERI SEMANAN 06 PG', 'Jl. Semanan Raya No. 004/08', '-6.1699000', '106.7069000', 'SD', 'N', '016208', '016200', '010000'),
(63, 'SD NEGERI JOHAR BARU 07 PAGI', 'Jl. Percetakan Negara II', '-6.1856000', '106.8566000', 'SD', 'N', '016004', '016000', '010000'),
(64, 'SMKS STRADA JAKARTA', 'JL. RAJAWALI SELATAN 2 NO. 1', '-6.1462000', '106.8393000', 'SMK', 'S', '016007', '016000', '010000'),
(65, 'SDN TUGU UTARA 01 PAGI', 'Jl. Mangga Ujung No.1- 3', '-6.1244000', '106.9104000', 'SD', 'N', '016104', '016100', '010000'),
(66, 'SD NEGERI CAKUNG TIMUR 05 PAGI', 'Jl. Tambun Rengas', '-6.1655000', '106.9631000', 'SD', 'N', '016408', '016400', '010000'),
(67, 'SD NEGERI KEBON KOSONG 14 PG', 'Jl. Ketapang Baru II', '-6.1628000', '106.8511000', 'SD', 'N', '016006', '016000', '010000'),
(68, 'SD NEGERI PONDOK KOPI 04 PAGI', 'Jl. Robusta Raya  Blok P5', '-6.2244000', '106.9465000', 'SD', 'N', '016407', '016400', '010000'),
(69, 'SDN Cilincing 03 Pg.', 'Jl. Sungai Landak no.36', '-6.1025000', '106.9382000', 'SD', 'N', '016106', '016100', '010000'),
(70, 'SDN Rawajati 06 Pg.', 'Jl. Rawajati Barat II', '-6.2603000', '106.8522000', 'SD', 'N', '016308', '016300', '010000'),
(71, 'SMP PATMOS', 'Jl. Taman Meruya Ilir Blok E-7', '-6.1955000', '106.7522000', 'SMP', 'S', '016201', '016200', '010000'),
(72, 'SDN Penggilingan 06 Pt.', 'Jln. Raya Penggilingan Komp. PIK', '-6.2054000', '106.9302000', 'SD', 'N', '016408', '016400', '010000'),
(73, 'SMKS BUDHI WARMAN 1 JAKARTA', 'JL. RAYA BOGOR KM. 19', '-6.3089000', '106.8905000', 'SMK', 'S', '016405', '016400', '010000'),
(74, 'SMAN 57 JAKARTA', 'JL. RAYA KEDOYA', '-6.1745000', '106.7562000', 'SMA', 'N', '016202', '016200', '010000'),
(75, 'SDN Rawa Badak Selatan 02 Pt.', 'Jl. Kemudi No. 1 K. Perumtel', '-6.1248000', '106.9030000', 'SD', 'N', '016104', '016100', '010000'),
(76, 'SMKS MUHAMMADIYAH 11 JAKARTA', 'JL. CEMPAKA WANGI II/12', '-6.1679000', '106.8566000', 'SMK', 'S', '016006', '016000', '010000'),
(77, 'SMAS PGRI 4 JAKARTA', 'JL. RAYA CIPAYUNG', '-6.3324000', '106.8921000', 'SMA', 'S', '016403', '016400', '010000'),
(78, 'SDN Kebon Pala 01 Pg.', 'Jl. Cakrawala No. 01', '-6.2644000', '106.8841000', 'SD', 'N', '016404', '016400', '010000'),
(79, 'SDN Utan Kayu Selatan 05', 'Jl. Kramat Asem Raya No.64', '-6.2032000', '106.8695000', 'SD', 'N', '016410', '016400', '010000'),
(80, 'SLB B-C ALFIANY', 'Jl. Pepaya III No. 4', '-6.1483000', '106.7221000', 'SLB', 'S', '016207', '016200', '010000'),
(81, 'SD NEGERI GANDARIA SELATAN 01', 'Jl. Teladan No.3 Rt 003 Rw 006', '-6.2786000', '106.7964000', 'SD', 'N', '016303', '016300', '010000'),
(82, 'SD NEGERI LENTENG AGUNG 03', 'Jl. Lontar Rt.004/03 No.38', '-6.3251000', '106.8373000', 'SD', 'N', '016301', '016300', '010000'),
(83, 'SMAS NAHDLATUL WATHAN', 'JL.RAYA PENGGILINGAN', '-6.2120000', '106.9379000', 'SMA', 'S', '016408', '016400', '010000'),
(84, 'SMAN 76 JAKARTA', 'JL. TIPAR CAKUNG JAKARTA TIMUR', '-6.1722000', '106.9314000', 'SMA', 'N', '016408', '016400', '010000'),
(85, 'SDN Pegangsaan Dua 08 Pg.', 'Jl. Kompi Udin P. Dua', '-6.1762000', '106.9109000', 'SD', 'N', '016105', '016100', '010000'),
(86, 'SMP HARVARD', 'Jl. P Tubagus Angke No. 33', '-6.1427000', '106.7960000', 'SMP', 'S', '016205', '016200', '010000'),
(87, 'SDS Kartika X-6', 'Jl. Cendrawasih Raya', '-6.2564000', '106.7802000', 'SD', 'S', '016305', '016300', '010000'),
(88, 'SD NEGERI TEBET TIMUR 17 PAGI', 'Jl. Tebet Timur Dalam II/G', '-6.2305000', '106.8555000', 'SD', 'N', '016309', '016300', '010000'),
(89, 'SDS Ratih', 'Jl. Murdai No. 1', '-6.1857000', '106.8627000', 'SD', 'S', '016005', '016000', '010000'),
(90, 'SD NEGERI PULOGEBANG 24 PAGI', 'Jl. Raya Rawa Kuning', '-6.1949000', '106.9651000', 'SD', 'N', '016408', '016400', '010000'),
(91, 'SDS Bukit Sion', 'Taman Kebon Jeruk Blok G 7', '-6.2033000', '106.7512000', 'SD', 'S', '016201', '016200', '010000'),
(92, 'SMP ADVENT MENTENG', 'Jl. Sawo No.27', '-6.1948000', '106.8355000', 'SMP', 'S', '016002', '016000', '010000'),
(93, 'SD NEGERI MANGGARAI 17 PAGI', 'Jl. Manggarai Selatan II', '-6.2162000', '106.8550000', 'SD', 'N', '016309', '016300', '010000'),
(94, 'SMK PELAYARAN TARUNA BAHARI', 'JL. PURI KEMBANGAN 2', '-6.1768000', '106.7469000', 'SMK', 'S', '016202', '016200', '010000'),
(95, 'SDIT AR RAHMAN', 'JL. PALEM 1 NO 45 A RT 08/03', '-6.2286000', '106.7519000', 'SD', 'S', '016304', '016300', '010000'),
(96, 'SDS MUHAMMADIYAH 24', 'Jl. Balai Pustaka Barat No.2', '-6.1974000', '106.8827000', 'SD', 'S', '016409', '016400', '010000'),
(97, 'SDN Rawa Badak Utara 03 Pg.', 'Jl. Alur Laut No.37', '-6.1183000', '106.8987000', 'SD', 'N', '016104', '016100', '010000'),
(98, 'SDN Cibubur 06 Pt.', 'Jl. Cibubur I', '-6.3568000', '106.8888000', 'SD', 'N', '016402', '016400', '010000'),
(99, 'SD NEGERI RAWA BARAT 09 PAGI', 'Jl. Citayam II Blok Q/I', '-6.2319000', '106.8102000', 'SD', 'N', '016306', '016300', '010000'),
(100, 'SLBC DAYA PELITA KASIH', 'JL. JATI PADANG UTARA NO. 88', '-6.2993000', '106.8379000', 'SLB', 'S', '016302', '016300', '010000'),
(101, 'SMP K KALAM KUDUS 2 JAKARTA', 'Komp Green Garden Blok B4 No. 1', '-6.1633000', '106.7589000', 'SMP', 'S', '016202', '016200', '010000'),
(102, 'SD NEGERI RAGUNAN 10 PAGI', 'Jl. Warung Jati Barat Rt. 002/11', '-6.2981000', '106.8203000', 'SD', 'N', '016302', '016300', '010000'),
(103, 'SMKS BINA INSAN MANDIRI', 'JL. RAYA MERUYA HILIR KOMP. PQT', '-6.2068000', '106.7320000', 'SMK', 'S', '016201', '016200', '010000'),
(104, 'SD NEGERI MENTENG DALAM 08 PETANG', 'Jl. Flamboyan I, Rt.0010 Rw.09', '-6.2305000', '106.8409000', 'SD', 'N', '016309', '016300', '010000'),
(105, 'SMAS PETRA', 'JL. TAMAN ALFA INDAH BLOK A- 11', '-6.2197000', '106.7503000', 'SMA', 'S', '016201', '016200', '010000'),
(106, 'SDS Santo Antonius I', 'Jl. Otto Iskandardinata No. 76A', '-6.2361000', '106.8718000', 'SD', 'S', '016406', '016400', '010000'),
(107, 'SD ISLAM NURUL HUDA', 'Jl. Nurul Huda', '-6.1786000', '106.8025000', 'SD', 'S', '016203', '016200', '010000'),
(108, 'SD MAS INTAN', 'Jl. Kamp. Bahari Gg III NO 165 RT.07/RW.02', '-6.1189000', '106.8727000', 'SD', 'S', '016103', '016100', '010000'),
(109, 'SMP Kencana', 'Jl. Sungai Bambu Pool No. 42', '-6.1292000', '106.8859000', 'SMP', 'S', '016103', '016100', '010000'),
(110, 'SDN UJUNG MENTENG 02', 'Jl. Irigasi RT 001/008', '-6.1831000', '106.9602000', 'SD', 'N', '016408', '016400', '010000'),
(111, 'SDIT AL MUHAJIRIN', 'Jl. Tunda No. 20-21', '-6.1245000', '106.9010000', 'SD', 'S', '016104', '016100', '010000'),
(112, 'SDIT Harapan Ummat', 'Jl. Kesatrian X Rt. 010/013', '-6.2123000', '106.8592000', 'SD', 'S', '016410', '016400', '010000'),
(113, 'SDN Jatinegara 12 Petang', 'Jl. Radjiman Widyodiningrat Pulo Jahe', '-6.1987000', '106.9260000', 'SD', 'N', '016408', '016400', '010000'),
(114, 'SMKS NASIONAL JAKARTA', 'JL. SMEA 6 NO. 53', '-6.2557000', '106.8685000', 'SMK', 'S', '016405', '016400', '010000'),
(115, 'SMAS DAMAI', 'JL. DURI SELATAN V NO. 29', '-6.1593000', '106.8045000', 'SMA', 'S', '016205', '016200', '010000'),
(116, 'SMK PRESTASI PRIMA', 'JL HANKAM RAYA NO 89', '-6.3201000', '106.9141000', 'SMK', 'S', '016403', '016400', '010000'),
(117, 'SD NEGERI KELAPA DUA 03 PG', 'Jl.inpres Kelapa Dua Rt.004/05', '-6.2143000', '106.7717000', 'SD', 'N', '016202', '016200', '010000'),
(118, 'SMP Negeri 271', 'Jl. Pahlawan Sukabumi Sel.VI/F1', '-6.2210000', '106.7684000', 'SMP', 'N', '016202', '016200', '010000'),
(119, 'SD NEGERI KEBAGUSAN 03 PAGI', 'Jl. Baung No. 31', '-6.3073000', '106.8365000', 'SD', 'N', '016302', '016300', '010000'),
(120, 'SDS ISLAM AL HIKMAH', 'Jl. Kemajuan No. 55', '-6.2374000', '106.7540000', 'SD', 'S', '016304', '016300', '010000'),
(121, 'SD NEGERI CEMPAKA BARU 02 PAGI', 'Jl. Cempaka Baru Vii No.45', '-6.1655000', '106.8581000', 'SD', 'N', '016006', '016000', '010000'),
(122, 'SDN Jati 03 Pg.', 'Jl. Taman Pulo Asem Utara', '-6.1907000', '106.8942000', 'SD', 'N', '016409', '016400', '010000'),
(123, 'SDN Jagakarsa 06 Pg.', 'Jln. Kedondong Rt.002/05 No.16', '-6.3237000', '106.8180000', 'SD', 'N', '016301', '016300', '010000'),
(124, 'SMPS PUTERA JAYA PLUS JAKARTA', 'JL. DAMAI NO.54 RT 013 RW 02', '-6.2984000', '106.8896000', 'SMP', 'S', '016404', '016400', '010000'),
(125, 'SMP DIAN HARAPAN', 'Jl. Bedegul No. 1 Daan Mogot Baru', '-6.1476000', '106.7081000', 'SMP', 'S', '016208', '016200', '010000'),
(126, 'SMP Advent VI', 'Jl. Jatinegara Barat 142 B', '-6.2200000', '106.8654000', 'SMP', 'S', '016406', '016400', '010000'),
(127, 'SLB C1 SUMBER ASIH II', 'JL. A.R.HAKIM NO.5B', '-6.1846000', '106.8361000', 'SLB', 'S', '016002', '016000', '010000'),
(128, 'SD ISLAM NURUL IKHLAS', 'Jl. Baru Gg. II No. 1 Rt.002/02', '-6.1042000', '106.9297000', 'SD', 'S', '016106', '016100', '010000'),
(129, 'SD NEGERI PAPANGGO 02 PETANG', 'Jl. Papanggo III No. 53', '-6.1275000', '106.8772000', 'SD', 'N', '016103', '016100', '010000'),
(130, 'SD NEGERI MALAKA SARI 09 PT', 'Jl. Delima II No. 39', '-6.2187000', '106.9288000', 'SD', 'N', '016407', '016400', '010000'),
(131, 'SMP AL JIHAD', 'Kapuk Kebon Jahe', '-6.1387000', '106.7500000', 'SMP', 'S', '016207', '016200', '010000'),
(132, 'SMP Negeri 152', 'Jl. Sunter Jaya IV', '-6.1559000', '106.8674000', 'SMP', 'N', '016103', '016100', '010000'),
(133, 'SD NEGERI GANDARIA SELATAN 04 PAGI', 'Jl. Madrasah  No. 45', '-6.2657000', '106.7910000', 'SD', 'N', '016303', '016300', '010000'),
(134, 'SDN Duren Tiga 14 Pg.', 'Jl. Kalibata Utara VI/28', '-6.2591000', '106.8384000', 'SD', 'N', '016308', '016300', '010000'),
(135, 'SD SURYA PEMANDU', 'Kav. Polri A XIX/434', '-6.1571000', '106.7835000', 'SD', 'S', '016204', '016200', '010000'),
(136, 'SDN Kramat 03 Pg.', 'Jl. Kalibaru No. 34', '-6.1809000', '106.8453000', 'SD', 'N', '016003', '016000', '010000'),
(137, 'SMKS MUTIARA BANGSA TIGA', 'Jl. Jelambar Barat III No. 5B', '-6.1453000', '106.7823000', 'SMK', 'S', '016204', '016200', '010000'),
(138, 'SDN Pekojan 02 Petang', 'Jl. Mesjid Pekojan No 161-163', '-6.1374000', '106.8027000', 'SD', 'N', '016205', '016200', '010000'),
(139, 'SD CITRA ALAM', 'Jl. Damai Ii No.54 Rt. 08/02', '-6.3333000', '106.8095000', 'SD', 'S', '016301', '016300', '010000'),
(140, 'SMP IT AR-RUDHO', 'Jl. Pandan No. 3', '-6.2522000', '106.9413000', 'SMP', 'S', '016407', '016400', '010000'),
(141, 'SMP ALFATHIYAH JAKARTA', 'Jl. Pucung No. 14', '-6.2791000', '106.8535000', 'SMP', 'S', '016405', '016400', '010000'),
(142, 'SD NEGERI KALISARI 03 PAGI', 'Kalisari', '-6.3372000', '106.8471000', 'SD', 'N', '016401', '016400', '010000'),
(143, 'SD NEGERI PULAU TIDUNG 03 PG', 'Jl. Pendidikan Rt. 07/02', '-5.7964000', '106.4926000', 'SD', 'N', '010101', '010100', '010000'),
(144, 'SD PASAR MANGGIS 01 PAGI', 'Jl. Menteng Granit Vii/5', '-6.2118000', '106.8402000', 'SD', 'N', '016310', '016300', '010000'),
(145, 'SMP Negeri 185', 'Jl. Kemandoran I Grogol Utara', '-6.2101000', '106.7863000', 'SMP', 'N', '016305', '016300', '010000'),
(146, 'SD NEGERI JOHAR BARU 25 PAGI', 'Jl. Kramat Jaya Baru Blok H/I', '-6.1841000', '106.8547000', 'SD', 'N', '016004', '016000', '010000'),
(147, 'SDN SUKAPURA 02', 'Jl. Kompi Jenggot No.28', '-6.1461000', '106.9216000', 'SD', 'N', '016106', '016100', '010000'),
(148, 'SMAS FATAHILLAH JAKARTA', 'JL. RAYA BUNCIT NO.67', '-6.2741000', '106.8319000', 'SMA', 'S', '016308', '016300', '010000'),
(149, 'SDN Rorotan 03 Pg.', 'Jl. Rorotan XI NO. 30', '-6.1436000', '106.9570000', 'SD', 'N', '016106', '016100', '010000'),
(150, 'SDN Grogol Utara 05 Pagi', 'Jl. Masjid Nur  No. 33', '-6.2189000', '106.7819000', 'SD', 'N', '016305', '016300', '010000'),
(151, 'SDS Perg. Advent Salemba', 'Jl. Salemba Raya No. 47', '-6.1970000', '106.8515000', 'SD', 'S', '016003', '016000', '010000'),
(152, 'SD NEGERI PONDOK BAMBU 01 PG', 'Jl. Gading Raya', '-6.2354000', '106.9054000', 'SD', 'N', '016407', '016400', '010000'),
(153, 'SMP NEGERI 85 JAKARTA', 'Jl. Margasatwa No. 8', '-6.3126000', '106.7952000', 'SMP', 'N', '016303', '016300', '010000'),
(154, 'SDN Pisangan Timur 18', 'Jl. Gading Raya I', '-6.2032000', '106.8824000', 'SD', 'N', '016409', '016400', '010000'),
(155, 'SD KAPUK MUARA 03 PG', 'Jl. Smp 122 Rt.001/003', '-6.1348000', '106.7641000', 'SD', 'N', '016101', '016100', '010000'),
(156, 'SDN Grogol Selatan 08', 'Jl. Masjid An Nur III', '-6.2329000', '106.7837000', 'SD', 'N', '016305', '016300', '010000'),
(157, 'SD NEGERI DURI KOSAMBI 05 PT', 'Jl. Duri Kosambi Raya Rt. 005/001', '-6.1702000', '106.7232000', 'SD', 'N', '016207', '016200', '010000'),
(158, 'SMP NEGERI 66', 'Jl. Masjid An Nur', '-6.2329000', '106.7835000', 'SMP', 'N', '016305', '016300', '010000'),
(159, 'SMP NEGERI 274 JAKARTA', 'Jl. Empang Bahagia Raya No. 4 B', '-6.1572000', '106.7853000', 'SMP', 'N', '016204', '016200', '010000'),
(160, 'SDN Pisangan Timur 13 Pg.', 'Jl. Haji Mugeni II', '-6.2088000', '106.8776000', 'SD', 'N', '016409', '016400', '010000'),
(161, 'SDN MALAKA JAYA 11', 'Jl. Nusa Indah Iv', '-6.2219000', '106.9329000', 'SD', 'N', '016407', '016400', '010000'),
(162, 'SMP ISLAM ANDALUS', 'Jl. Bangka II C No.32', '-6.2454000', '106.8210000', 'SMP', 'S', '016307', '016300', '010000'),
(163, 'SDN Guntur 09 Pg.', 'Jl. Sumbing No. 30', '-6.2208000', '106.8360000', 'SD', 'N', '016310', '016300', '010000'),
(164, 'SDN Gedong 03 Pg.', 'Jl. Raya Condet', '-6.2955000', '106.8612000', 'SD', 'N', '016401', '016400', '010000'),
(165, 'SMKS AL HAMIDIYAH', 'JL. RAYA KEDOYA SELATAN NO. 50', '-6.1918000', '106.7571000', 'SMK', 'S', '016202', '016200', '010000'),
(166, 'SMKS AL WAHYU JAKARTA', 'JL. MADRASAH NO. 24', '-6.3682000', '106.8871000', 'SMK', 'S', '016402', '016400', '010000'),
(167, 'SMKS JAKARTA 1', 'JL. RAYA PONDOK KOPI NO. 75', '-6.2319000', '106.9386000', 'SMK', 'S', '016407', '016400', '010000'),
(168, 'SMKS KAHURIPAN 2 JAKARTA', 'JL. NANGKA NO. 17', '-6.3034000', '106.8468000', 'SMK', 'S', '016301', '016300', '010000'),
(169, 'SDS PB Sudirman', 'Jl. Raya Bogor Km. 24', '-6.3264000', '106.8661000', 'SD', 'S', '016401', '016400', '010000'),
(170, 'SD BINA KUSUMA', 'Jl. Peta Barat Citra I Blok E 29', '-6.1443000', '106.6952000', 'SD', 'S', '016208', '016200', '010000'),
(171, 'SDS Strada Dipamarga', 'Jl. Dermaga No. 22', '-6.2354000', '106.9054000', 'SD', 'S', '016407', '016400', '010000'),
(172, 'SD MUHAMMADIYAH 22', 'Jl. Mundu Luar No. 1', '-6.1152000', '106.9136000', 'SD', 'S', '016104', '016100', '010000'),
(173, 'SDN Bintaro 01', 'Jl. Bintaro Permai III', '-6.2575000', '106.7634000', 'SD', 'N', '016304', '016300', '010000'),
(174, 'SD NEGERI DURI PULO 07', 'Jl. K.H. Zainul Arifin No.71', '-6.1636000', '106.8085000', 'SD', 'N', '016008', '016000', '010000'),
(175, 'SD NEGERI MANGGA BESAR 15 PG', 'Jl. Blustru No. 5', '-6.1451000', '106.8175000', 'SD', 'N', '016206', '016200', '010000'),
(176, 'SMP PANDU SISWA', 'Jl. Tanjung Pura V', '-6.1293000', '106.6952000', 'SMP', 'S', '016208', '016200', '010000'),
(177, 'SDS Pilar Bangsa', 'Jl. Jatiwaringin Raya No. 8', '-6.2444000', '106.8891000', 'SD', 'S', '016404', '016400', '010000'),
(178, 'SDN Kampung Melayu 02 Pt.', 'Jl. Kb. Pala I/ 34', '-6.2150000', '106.8596000', 'SD', 'N', '016406', '016400', '010000'),
(179, 'SD ESTI BAKTI', 'Jl. Raya Kapuk Gg Taniwan', '-6.1321000', '106.7145000', 'SD', 'S', '016207', '016200', '010000'),
(180, 'SD NEGERI CEMPAKA PUTIH BARAT 17 PAGI', 'Jl. Cempaka Putih Barat XIV No.F15', '-6.1799000', '106.8664000', 'SD', 'N', '016005', '016000', '010000'),
(181, 'SD HATI KUDUS', 'Kav. Polri Aiii/114-117', '-6.1546000', '106.7861000', 'SD', 'S', '016204', '016200', '010000'),
(182, 'SMKS PONCOL', 'JL. MUTIARA RAYA', '-6.1643000', '106.8694000', 'SMK', 'S', '016006', '016000', '010000'),
(183, 'SMKS AL HIDAYAH LESTARI', 'JL. KANA LESTARI BLOK K/I', '-6.2940000', '106.7781000', 'SMK', 'S', '016303', '016300', '010000'),
(184, 'SDN Grogol Selatan 03 Pg.', 'Jl. Raya Kebayoran Lama', '-6.2300000', '106.7825000', 'SD', 'N', '016305', '016300', '010000'),
(185, 'SMP KELUARGA WIDURI', 'Jl. Gunung Balong I/2', '-6.3037000', '106.7880000', 'SMP', 'S', '016303', '016300', '010000'),
(186, 'SMP Nurul Islam', 'Jl. Tanah Pasir No. 64', '-6.1292000', '106.7999000', 'SMP', 'S', '016101', '016100', '010000'),
(187, 'SD NEGERI RAWA BUAYA 05 PT', 'Jl. Al-barkah Rt.001/03', '-6.1651000', '106.7282000', 'SD', 'N', '016207', '016200', '010000'),
(188, 'SDS Advent VII', 'Jl. Pinang No. 24', '-6.1981000', '106.8881000', 'SD', 'S', '016409', '016400', '010000'),
(189, 'SD NEGERI SRENGSENG 03 PAGI', 'Jl. Perum Taman Kebun Jeruk  Rt.002/04', '-6.2104000', '106.7487000', 'SD', 'N', '016201', '016200', '010000'),
(190, 'SMK CARAKA NUSANTARA', 'KOMPLEKS PULO GEBANG PERMAI BLOK H4 NO.10', '-6.1968000', '106.9496000', 'SMK', 'S', '016408', '016400', '010000'),
(191, 'SMKS FARMASI TUNAS BANGSA', 'SALEMBA TENGAH II NO.1', '-6.1942000', '106.8563000', 'SMK', 'S', '016003', '016000', '010000'),
(192, 'SMAS 2 KEMURNIAN', 'JL. GREEN VILLE BLOK Q/209', '-6.1689000', '106.7795000', 'SMA', 'S', '016202', '016200', '010000'),
(193, 'SMP Negeri 75 Jakarta', 'Jl. Raya Kebon Jeruk No.19', '-6.1989000', '106.7666000', 'SMP', 'N', '016202', '016200', '010000'),
(194, 'SD NEGERI CIPINANG BESAR UTARA 09 PG (SEKOLAH STAN', 'Jl. Cipinang Latihan No:6', '-6.2175000', '106.8886000', 'SD', 'N', '016406', '016400', '010000'),
(195, 'SMP ANGKASA', 'Jl. Surtikanti Dirgantara III', '-6.1925000', '106.9567000', 'SMP', 'S', '016404', '016400', '010000'),
(196, 'SMP BINA PUTRA BANGSA JAKARTA', 'Jl. Palem Raya No.71', '-6.2261000', '106.7581000', 'SMP', 'S', '016304', '016300', '010000'),
(197, 'SDN Pela Mampang 02 Petang', 'JL. BANGKA II GG V RT 10/02', '-6.2446000', '106.8176000', 'SD', 'N', '016307', '016300', '010000'),
(198, 'SD NEGERI RAMBUTAN 06 PAGI', 'Jl. Bungur RT.10/06', '-6.3148000', '106.8844000', 'SD', 'N', '016402', '016400', '010000'),
(199, 'SDIT AL-BARKAH', 'Jl. Teguh Raya No.3 Komplek TNI AL Kodamar', '-6.1614000', '106.8880000', 'SD', 'S', '016105', '016100', '010000'),
(200, 'SDN Gedong 12 Pg.', 'Jl. Raya Condet', '-6.3012000', '106.8569000', 'SD', 'N', '016401', '016400', '010000'),
(201, 'SDN Jatinegara Kaum 01 Pg.', 'Jl. Raya Bekasi Km. 18', '-6.1978000', '106.9048000', 'SD', 'N', '016409', '016400', '010000'),
(202, 'SDN Cipinang Melayu 05 Pg.', 'Jl. INSPEKSI TARUM BARAT', '-6.2520000', '106.8996000', 'SD', 'N', '016404', '016400', '010000'),
(203, 'SMKS TANJUNG PRIOK 2 JAKARTA', 'JL.MANGGA NO.3', '-6.1159000', '106.9117000', 'SMK', 'S', '016104', '016100', '010000'),
(204, 'SMAS GONZAGA JAKARTA', 'JL. PEJATEN BARAT 10A', '-6.2773000', '106.8226000', 'SMA', 'S', '016302', '016300', '010000'),
(205, 'SDN Pinang Ranti 04 Pg.', 'Jl. SMA Negeri 48', '-6.2936000', '106.8886000', 'SD', 'N', '016404', '016400', '010000'),
(206, 'SDN GANDARIA UTARA 03 PAGI', 'Jl. Hidup Baru IV', '-6.2626000', '106.7916000', 'SD', 'N', '016306', '016300', '010000'),
(207, 'SMAS KATHOLIK BINTANG KEJORA', 'JL. TAMAN CENGKARENG INDAH', '-6.1515000', '106.7365000', 'SMA', 'S', '016207', '016200', '010000'),
(208, 'SMAS KRISTEN PEMBANGUNAN 2', 'JL. PEMBANGUNAN 2 NO. 18', '-6.1627000', '106.8173000', 'SMA', 'S', '016008', '016000', '010000'),
(209, 'SMP GALATIA 2', 'Jl. Merpati Raya No. 1', '-6.1558000', '106.7758000', 'SMP', 'S', '016204', '016200', '010000'),
(210, 'SD TUNAS KARYA II', 'Jl. Gading Indah III, Kelapa Gading - Jakarta Utara', '-6.1612000', '106.9123000', 'SD', 'S', '016105', '016100', '010000'),
(211, 'SDS ADIK IRMA', 'Jl. Tebet Barat IV', '-6.2381000', '106.8463000', 'SD', 'S', '016309', '016300', '010000'),
(212, 'SMP Darus Syifa', 'Jl.Sawo Kecik no.5', '-6.2090000', '106.9522000', 'SMP', 'S', '016408', '016400', '010000'),
(213, 'SDS Padindi', 'Jl. Prepedan Dalam No. 38', '-6.1166000', '106.7074000', 'SD', 'S', '016208', '016200', '010000'),
(214, 'SDN Mangga Besar 05 Pg.', 'Jl. Sekolah Tangki No. 141', '-6.1484000', '106.8177000', 'SD', 'N', '016206', '016200', '010000'),
(215, 'SMKS YAPERMAS JAKARTA', 'JL. ANYER NO. 7', '-6.2029000', '106.8441000', 'SMK', 'S', '016002', '016000', '010000'),
(216, 'SMKS PLUIT RAYA', 'JL. JEMBATAN TIGA NO.1', '-6.1285000', '106.7915000', 'SMK', 'S', '016101', '016100', '010000'),
(217, 'SDN Kebon Kelapa 02 Pg.', 'Jl. Batu Tulis Raya XIII/20', '-6.1650000', '106.8219000', 'SD', 'N', '016008', '016000', '010000'),
(218, 'SD NEGERI CENGKARENG TIMUR 14 PG', 'Jl. Bangun Nusa Raya  Rt. 011/013', '-6.1526000', '106.7400000', 'SD', 'N', '016207', '016200', '010000'),
(219, 'SD SWASTA NURUL HIDAYAH', 'JL. H. JIAN NO. 6', '-6.2588000', '106.8066000', 'SD', 'S', '016306', '016300', '010000'),
(220, 'SMP Kristen 4 Penabur', 'Jl. Hibrida Raya Blok QF-10', '-6.1483000', '106.8970000', 'SMP', 'S', '016105', '016100', '010000'),
(221, 'SLB B-C KASIH BUNDA', 'Jl. Duri Selatan V Gg. L I No. 15', '-6.1572000', '106.8045000', 'SLB', 'S', '016205', '016200', '010000'),
(222, 'SD LPI AT-TAUFIQ', 'Jl. Cempaka Putih Timur VI No. 1, Jakarta Pusat', '-6.1725000', '106.8751000', 'SD', 'S', '016005', '016000', '010000'),
(223, 'SD NEGERI KAYUMANIS 01 PAGI', 'Jl. Kayumanis IV Baru No. 20', '-6.2016000', '106.8615000', 'SD', 'N', '016410', '016400', '010000'),
(224, 'SD NEGERI KEAGUNGAN 03 PG', 'Jl. Kerajinan No. 44', '-6.1511000', '106.8043000', 'SD', 'N', '016206', '016200', '010000'),
(225, 'SD NEGERI KEMBANGAN SELATAN 02 PG', 'Jl. Raya Kembangan Rt.005/01', '-6.1880000', '106.7249000', 'SD', 'N', '016201', '016200', '010000'),
(226, 'SD NEGERI KEDOYA UTARA 03', 'Jl. Kedoya Raya Rt.012/06 No.2', '-6.1746000', '106.7565000', 'SD', 'N', '016202', '016200', '010000'),
(227, 'SD NEGERI CILANDAK BARAT 15 PAGI', 'Jl. Pangeran Antasari No.56 RT 004 RW 001', '-6.2883000', '106.8068000', 'SD', 'N', '016303', '016300', '010000'),
(228, 'SMKS DARUL MAARIF', 'JL. MADYA KEBANTENAN NO. 14', '-6.1112000', '106.9385000', 'SMK', 'S', '016106', '016100', '010000'),
(229, 'SMKS PASAR MINGGU JAKARTA', 'JL. ASEM PEJATEN INDAH 2', '-6.2805000', '106.8411000', 'SMK', 'S', '016302', '016300', '010000'),
(230, 'SDN Pulogebang 02', 'Jl. Raya Pulo Gebang Km 2', '-6.2037000', '106.9555000', 'SD', 'N', '016408', '016400', '010000'),
(231, 'SLB N 02 JAKARTA', 'Jl. Medis No. 49 RT. 07/05', '-6.3228000', '106.8365000', 'SLB', 'N', '016301', '016300', '010000'),
(232, 'SMP IBNU HAJAR BOARDING SCHOOL', 'Jl. Raya Munjul Gg Musholah Fathul ulum No.11', '-6.2021000', '106.8602000', 'SMP', 'S', '016403', '016400', '010000'),
(233, 'SDN Pulogebang 11', 'Jln. H. Hasan', '-6.2093000', '106.9437000', 'SD', 'N', '016408', '016400', '010000'),
(234, 'SDN Ancol 01 Pg.', 'Jl. Parang Tritis VI No. 2', '-6.1265000', '106.8238000', 'SD', 'N', '016102', '016100', '010000'),
(235, 'SD NEGERI CIPINANG MUARA 17 PAGI', 'Jl. Cipinang Muara III', '-6.2173000', '106.8966000', 'SD', 'N', '016406', '016400', '010000'),
(236, 'SDN Jati Padang 04 Pt.', 'Jln. Bacang Rt. 006/01', '-6.2837000', '106.8375000', 'SD', 'N', '016302', '016300', '010000'),
(237, 'SMKS KRAMAT JATI JAKARTA', 'JL. Raya Cipayung Setu No 33', '-6.3237000', '106.9066000', 'SMK', 'S', '016405', '016400', '010000'),
(238, 'SMP Negeri 180', 'Jl. Bambu Wulung', '-6.3196000', '106.9034000', 'SMP', 'N', '016403', '016400', '010000'),
(239, 'SMAN 1 JAKARTA', 'JL. BUDI UTOMO NO. 7', '-6.1672000', '106.8373000', 'SMA', 'N', '016007', '016000', '010000'),
(240, 'SMP Permata Bunda 2', 'Jl. Tamansari Raya No. 75C', '-6.1541000', '106.8269000', 'SMP', 'S', '016206', '016200', '010000'),
(241, 'SDS Gamaliel', 'Jl. Jembatan Besi II No. 45', '-6.1586000', '106.7978000', 'SD', 'S', '016205', '016200', '010000'),
(242, 'SDS SERAPHINE BAKTI UTAMA', 'Jl. Melati Raya No. 46', '-6.1501000', '106.7434000', 'SD', 'S', '016207', '016200', '010000'),
(243, 'SMP YP IPPI Petojo', 'Jl. Petojo Barat III/2', '-6.1643000', '106.8112000', 'SMP', 'S', '016008', '016000', '010000'),
(244, 'SD GEMALA ANANDA', 'Jln.Lebak Bulus III No.93G', '-6.3027000', '106.7880000', 'SD', 'S', '016303', '016300', '010000'),
(245, 'SDN Malaka Sari 14 Pagi.', 'Jl. Malaka III Rt 08/06', '-6.2255000', '106.9292000', 'SD', 'N', '016407', '016400', '010000'),
(246, 'SD NEGERI SRENGSENG 05 PG', 'Raya Srengseng No. 56', '-6.2027000', '106.7563000', 'SD', 'N', '016201', '016200', '010000'),
(247, 'SD ISLAM MUBASYSYIRIN', 'Jl. Karbela Selatan No 1', '-6.2149000', '106.8276000', 'SD', 'S', '016310', '016300', '010000'),
(248, 'SMAS PERMAI JAKARTA', 'JL. PLUIT KARANG BARAT BLOK O - VI', '-6.1211000', '106.7742000', 'SMA', 'S', '016101', '016100', '010000'),
(249, 'SD NEGERI KAPUK 09 PG', 'Jl. Ukir II Pedongkelan', '-6.1478000', '106.7428000', 'SD', 'N', '016207', '016200', '010000'),
(250, 'SD NEGERI KEMAYORAN 17 PG', 'Jl. Kepu Dalam X', '-6.1652000', '106.8428000', 'SD', 'N', '016006', '016000', '010000'),
(251, 'SMP YAMIFSA', 'Jl. Maja No. 40', '-6.1154000', '106.9045000', 'SMP', 'S', '016104', '016100', '010000'),
(252, 'SMP YANURI', 'Jl Toram Dalam', '-6.1962000', '106.7975000', 'SMP', 'S', '016208', '016200', '010000'),
(253, 'SDIT Arrahmah Jakarta', 'Jln Duren Sawit Barat II No.2 Blok F Komplek PTB', '-6.2226000', '106.9119000', 'SD', 'S', '016407', '016400', '010000'),
(254, 'SDS Nurul Hikmah', 'Jl. Salemba Tegalan I H/12', '-6.2055000', '106.8590000', 'SD', 'S', '016410', '016400', '010000'),
(255, 'SD NEGERI CEMPAKA BARU 09 PAGI', 'Jl. F3 Komplek Listrik', '-6.1655000', '106.8581000', 'SD', 'N', '016006', '016000', '010000'),
(256, 'SMP DWI WARNA', 'JL. DURI SEMANAN RT 01/01', '-6.1625000', '106.7135000', 'SMP', 'S', '016208', '016200', '010000'),
(257, 'SLB B & C CAHAYA JAYA', 'Jl. Raya Kelapa Hibrida Utara Rb. 15/1', '-6.1752000', '106.9256000', 'SLB', 'S', '016105', '016100', '010000'),
(258, 'SMPS CIKAL AMRI', 'JL. RAYA SETU NO 3 JAKARTA TIMUR', '-6.2903000', '106.8691000', 'SMP', 'S', '016403', '016400', '010000'),
(259, 'SMP Fatahillah Jaya', 'Tipar Cakung Gg Kompi Jenggot I No 21', '-6.1446000', '106.9305000', 'SMP', 'S', '016106', '016100', '010000'),
(260, 'SMAS GLOBAL ISLAMIC SCHOOL', 'JL. CONDET RAYA NO.5', '-6.2824000', '106.8551000', 'SMA', 'S', '016405', '016400', '010000'),
(261, 'SMKS KIMIA TUNAS HARAPAN', 'JL. BENDERA RAYA / INTISARI III', '-6.3303000', '106.8587000', 'SMK', 'S', '016401', '016400', '010000'),
(262, 'SMK AN NURIYAH', 'JL. TIMBUL No.60', '-6.3269640', '106.8348360', 'SMK', 'S', '016301', '016300', '010000'),
(263, 'SMAS KRISTEN ALMASIH', 'JL. KUSUMA V BLOK E1/ NO 1 TAMAN DUTA MAS', '-6.1638000', '106.7783000', 'SMA', 'S', '016204', '016200', '010000'),
(264, 'SMAN 9 JAKARTA', 'JL. SMU 9  HALIM PERDANA KUSUMA,JAKARTA TIMUR', '-6.2587000', '106.8815000', 'SMA', 'N', '016404', '016400', '010000'),
(265, 'SDN Cijantung 03 Pg.', 'Jl. R.A. Fadillah No. 1', '-6.3305000', '106.8597000', 'SD', 'N', '016401', '016400', '010000'),
(266, 'SDN Pondok Bambu 11 Pg.', 'Jl. Taruna Pahlawan Revolusi', '-6.2394000', '106.8956000', 'SD', 'N', '016407', '016400', '010000'),
(267, 'SDN Lagoa 02 Pg.', 'Jl. Menteng No. 2-4', '-6.1126000', '106.9126000', 'SD', 'N', '016104', '016100', '010000'),
(268, 'SDN CIPINANG MUARA 01', 'Jl. Cipinang Lontar Indah No. 38 RT. 011 RW. 006', '-6.2341000', '106.8918000', 'SD', 'N', '016406', '016400', '010000'),
(269, 'SLB B Budi Daya', 'Jl. Raya Bogor KM 24,5 Cijantung', '-6.3202000', '106.8531000', 'SLB', 'S', '016401', '016400', '010000'),
(270, 'SD NEGERI DUREN TIGA 15 PAGI', 'Jl. Kh. Ismail No. 121', '-6.2591000', '106.8347000', 'SD', 'N', '016308', '016300', '010000'),
(271, 'SD NEGERI CIPETE UTARA 12 PAGI', 'Jl. Kirai Ujung', '-6.2587000', '106.8034000', 'SD', 'N', '016306', '016300', '010000'),
(272, 'SD N PALMERAH 01 PAGI', 'Jl. Palmerah Utara No. 80', '-6.2051000', '106.7961000', 'SD', 'N', '016203', '016200', '010000'),
(273, 'SD NEGERI KEAGUNGAN 06 PT', 'Jl. Kerajinan No. 44', '-6.1541000', '106.8140000', 'SD', 'N', '016206', '016200', '010000'),
(274, 'SMP PSKD IV BULUNGAN', 'Jl. Bulungan 70', '-6.2413000', '106.7960000', 'SMP', 'S', '016306', '016300', '010000'),
(275, 'SD NEGERI GROGOL SELATAN 02 PETANG', 'Jl. Raya Kebayoran Lama No. 60', '-6.2291000', '106.7786000', 'SD', 'N', '016305', '016300', '010000'),
(276, 'SMA LENTERA KASIH', 'Jl. Sunter Permai Raya No.8', '-6.1329000', '106.8634000', 'SMA', 'S', '016103', '016100', '010000'),
(277, 'SD NEGERI TANJUNG DUREN SELATAN 03 PG', 'Jl. Tg. Duren Timur V/ 26', '-6.1699000', '106.7789000', 'SD', 'N', '016204', '016200', '010000'),
(278, 'SD AL IKHWAN', 'Jl. Karang Kendal No. 21 Rt. 008/05', '-6.1162000', '106.9575000', 'SD', 'S', '016106', '016100', '010000'),
(279, 'SMKS CILINCING 1 JAKARTA', 'JL.BARU GANG II CILINCING', '-6.1054000', '106.9283000', 'SMK', 'S', '016106', '016100', '010000'),
(280, 'SMP PURNAMA', 'Jl. Tirtayasa V Kebayoran Baru', '-6.2414000', '106.8059000', 'SMP', 'S', '016306', '016300', '010000'),
(281, 'SDN Tugu Selatan 02 Pt.', 'Jl. Balai Rakyat No. 17', '-6.1329000', '106.9137000', 'SD', 'N', '016104', '016100', '010000'),
(282, 'SD AL KAMAL', 'Jl.Raya Al-Kamal No. 2', '-6.1869000', '106.7598000', 'SD', 'S', '016202', '016200', '010000'),
(283, 'SD NEGERI SUNTER JAYA 06 PT', 'Jl. Sunter Jaya IV A', '-6.1563000', '106.8672000', 'SD', 'N', '016103', '016100', '010000'),
(284, 'SD NEGERI KEDAUNG KALIANGKE 13 PG', 'Komplek Dep.agama Kalimati', '-6.1545000', '106.7631000', 'SD', 'N', '016207', '016200', '010000'),
(285, 'SDS Saint John s School', 'Jl. Taman Palem Raya Blok D1/1', '-6.2096000', '106.7262000', 'SD', 'S', '016201', '016200', '010000'),
(286, 'SMP AL WATHONIYAH 43', 'Jl. Raya Rorotan No.1 Rt. 01/10', '-6.1580000', '106.9531000', 'SMP', 'S', '016106', '016100', '010000'),
(287, 'SD NEGERI CENGKARENG TIMUR 04 PT', 'Jl. Bangun Nusa Iii Rt. 006/02', '-6.1506000', '106.7314000', 'SD', 'N', '016207', '016200', '010000'),
(288, 'SDS Barunawati III', 'Jl. Ganggeng II No. 1', '-6.1154000', '106.8838000', 'SD', 'S', '016103', '016100', '010000'),
(289, 'SD NEGERI RAWAMANGUN 06 PETANG', 'Jl. Haji Ten No. 4', '-6.1961130', '106.8802960', 'SD', 'N', '016409', '016400', '010000'),
(290, 'SMP Al-Irsyad Al-Islamiyyah', 'Jl. Mindi Raya No. 29-35', '-6.1152000', '106.9043000', 'SMP', 'S', '016104', '016100', '010000'),
(291, 'SD NEGERI TAMANSARI 07 PG', 'Jl. Mangga Besar VI Selatan No. 11', '-6.1542000', '106.8249000', 'SD', 'N', '016206', '016200', '010000'),
(292, 'SDS Batu Karang', 'Jl. Raya Ciracas No. 10', '-6.3287000', '106.8847000', 'SD', 'S', '016402', '016400', '010000'),
(293, 'SD IT AL IHSAN', 'Jl. Baung Iv No.43', '-6.3061000', '106.8339000', 'SD', 'S', '016302', '016300', '010000'),
(294, 'SMP Negeri 50', 'Komplek Kodam Jaya Cililitan II', '-6.2738000', '106.8687000', 'SMP', 'N', '016405', '016400', '010000'),
(295, 'SD NEGERI KEBAYORAN LAMA SELATAN 11 PAGI', 'Jl. H. Moh Ismail Rt.005/010 N0. 60 Tanah Kusir', '-6.2576000', '106.7761000', 'SD', 'N', '016305', '016300', '010000'),
(296, 'SMAS SULUH JAKARTA', 'JL. PALAPA RAYA NO. 1', '-6.2883000', '106.8422000', 'SMA', 'S', '016302', '016300', '010000'),
(297, 'SDN Cilandak Barat 19 Pg.', 'Jl. Intan Ujung Rt. 002/02', '-6.2950000', '106.8043000', 'SD', 'N', '016303', '016300', '010000'),
(298, 'SDN Cipete Utara 07 Pg.', 'Jl. KH. Naim III', '-6.2617000', '106.8102000', 'SD', 'N', '016306', '016300', '010000'),
(299, 'SDN CIPETE UTARA 05 PAGI', 'Jl. Naim III. RT 012/06', '-6.2617000', '106.8102000', 'SD', 'N', '016306', '016300', '010000'),
(300, 'SDS Bintang Timur', 'Jl. Taruna Gg. Anggrek I, No. 7', '-6.1585000', '106.8573000', 'SD', 'S', '016006', '016000', '010000'),
(301, 'SMP KASIH KARUNIA', 'Taman Palem Lestari Blok F6 No. 21-23', '-6.1393000', '106.7194000', 'SMP', 'S', '016207', '016200', '010000'),
(302, 'SD NEGERI DUREN TIGA 07', 'JL. DUREN TIGA BARAT NO 3', '-6.2549000', '106.8283000', 'SD', 'N', '016308', '016300', '010000'),
(303, 'SMP NEGERI 54 JAKARTA', 'Jl. Blandongan No. 37', '-6.1414000', '106.8122000', 'SMP', 'N', '016206', '016200', '010000'),
(304, 'SD NEGERI PALMERAH 07 PAGI', 'Jl. Palmerah Utara No. 88', '-6.2057000', '106.7961000', 'SD', 'N', '016203', '016200', '010000'),
(305, 'SDS Al-Azhar Kemang', 'Jl. Kemang Raya No. 7', '-6.2547000', '106.8109000', 'SD', 'S', '016307', '016300', '010000'),
(306, 'SMP Negeri 108', 'Jl. Flamboyan No. 53', '-6.1326000', '106.7260000', 'SMP', 'N', '016207', '016200', '010000'),
(307, 'SD NEGERI TEGAL ALUR 21 PT', 'Jl. Lingkungan III', '-6.1140000', '106.7127000', 'SD', 'N', '016208', '016200', '010000'),
(308, 'SMP NEGERI 145 JAKARTA', 'Jl. Menteng Pulo Ujung', '-6.2216000', '106.8379000', 'SMP', 'N', '016310', '016300', '010000'),
(309, 'SMAS LAKESIDE MONTESSORI', 'VILLA CIBUBUR INDAH U1-16 CIBUBUR', '-6.3510000', '106.8768000', 'SMA', 'S', '016402', '016400', '010000'),
(310, 'SMAS MUHAMMADIYAH 15', 'JL. ANGGREK NELI MURNI BC', '-6.1870000', '106.7954000', 'SMA', 'S', '016203', '016200', '010000'),
(311, 'SD NEGERI PETOJO UTARA 09 PAGI', 'Jl.petojo Barat No.45', '-6.1643000', '106.8112000', 'SD', 'N', '016008', '016000', '010000'),
(312, 'SDN Cilincing 11 Pt.', 'Jl. Baru Gg. II', '-6.1041000', '106.9296000', 'SD', 'N', '016106', '016100', '010000'),
(313, 'SDN Cengkareng Timur 07 Pagi', 'Jl. Fajar Baru Utara No.78', '-6.1448000', '106.7317000', 'SD', 'N', '016207', '016200', '010000'),
(314, 'SMA ICHTHUS', 'JL. HAJI BATONG 1-1A/JL. CARINGIN BARAT 1', '-6.2974890', '106.8028870', 'SMA', 'S', '016303', '016300', '010000'),
(315, 'SMKS MUHAMMADIYAH 10 JAKARTA', 'JL. KRAMAT SAWAH BARU', '-6.1877000', '106.8513000', 'SMK', 'S', '016003', '016000', '010000'),
(316, 'SMKS GRAFIKA DESA PUTERA JAKARTA', 'JL. DESA PUTERA NO. 1', '-6.3373000', '106.8286000', 'SMK', 'S', '016301', '016300', '010000'),
(317, 'SDN Pademangan Barat 08 Pt.', 'Jl. Ampera VII', '-6.1360000', '106.8334000', 'SD', 'N', '016102', '016100', '010000'),
(318, 'SDN Petamburan 06 Pagi', 'JL. PETAMBURAN II NO. 34', '-6.1933000', '106.8082000', 'SD', 'N', '016001', '016000', '010000'),
(319, 'SDN Tanah Tinggi 01 Pg.', 'Jl. Tanah Tinggi I Gg. II Kec.Johar Baru', '-6.1765000', '106.8464000', 'SD', 'N', '016004', '016000', '010000'),
(320, 'SMP TRINITAS', 'Jl. Pakis Jaya Boj Indah', '-6.1446000', '106.7117000', 'SMP', 'S', '016207', '016200', '010000'),
(321, 'SMAS AL CHASANAH', 'JL. TANJUNG DUREN BARAT 3/1', '-6.1742000', '106.7799000', 'SMA', 'S', '016204', '016200', '010000'),
(322, 'SMAN 69 JAKARTA', 'PULAU PRAMUKA RT 003/05', '-5.7477000', '106.6137000', 'SMA', 'N', '010102', '010100', '010000'),
(323, 'SMAS PUSAKA NUSANTARA', 'JL. EDAM 2 NO. 17', '-6.1110000', '106.8919000', 'SMA', 'S', '016103', '016100', '010000'),
(324, 'SMKS SANTO LUKAS', 'JL. ANCOL SELATAN II NO. 1', '-6.1311000', '106.8778000', 'SMK', 'S', '016103', '016100', '010000'),
(325, 'SMKN 4 JAKARTA', 'JL. ROROTAN VI NO. 1, CILINCING, JAKARTA UTARA', '-6.1405000', '106.9535000', 'SMK', 'N', '016106', '016100', '010000'),
(326, 'SMAS DELIMA', 'JL. BANGKA XI / 9B', '-6.2515000', '106.8260000', 'SMA', 'S', '016307', '016300', '010000'),
(327, 'SD NEGERI TEGAL PARANG 08 PT', 'Jl. Mampang Prapatan Xiii', '-6.2506000', '106.8256000', 'SD', 'N', '016307', '016300', '010000'),
(328, 'SD NEGERI PETUKANGAN UTARA 04 PT', 'Jl. Mesjid Darul Falah', '-6.2268000', '106.7534000', 'SD', 'N', '016304', '016300', '010000'),
(329, 'SD NEGERI TEGAL ALUR 16 PT', 'Jl. Pelopor Raya Rt. 011/ 05', '-6.1235000', '106.7150000', 'SD', 'N', '016208', '016200', '010000'),
(330, 'SD KELUARGA WIDURI', 'Jl. Gunung Balong I/2', '-6.3018000', '106.7870000', 'SD', 'S', '016303', '016300', '010000'),
(331, 'SMP Don Bosco II', 'Jl. Pulomas Barat V', '-6.1835000', '106.8835000', 'SMP', 'S', '016409', '016400', '010000'),
(332, 'SDN Kebon Kacang 03 Pg.', 'Jl. Keb. Kacang Raya No. 48', '-6.1934000', '106.8155000', 'SD', 'N', '016001', '016000', '010000'),
(333, 'SMP YASPIA', 'Jl Terogong III No 25', '-6.2803000', '106.7923000', 'SMP', 'S', '016303', '016300', '010000'),
(334, 'SDS Hudatul K.', 'Jl. Mesjid Al Mabruk', '-6.2783000', '.0000000', 'SD', 'S', '016405', '016400', '010000'),
(335, 'SDN CILANDAK BARAT 06 PG.', 'Jl. BDN I No. 72', '-6.2846000', '106.7988000', 'SD', 'N', '016303', '016300', '010000'),
(336, 'SMKS IBU PERTIWI 2 JAKARTA', 'JL. S. PARMAN NO. 69', '-6.1944000', '106.7975000', 'SMK', 'S', '016203', '016200', '010000'),
(337, 'SMK SUMBANGSIH', 'JL. AMPERA RAYA NO 3-4', '-6.3084000', '106.8154000', 'SMK', 'S', '016302', '016300', '010000'),
(338, 'SMKS TAMAN SISWA 1 JAKARTA', 'JL GARUDA NO. 25', '-6.1614000', '106.8421000', 'SMK', 'S', '016006', '016000', '010000'),
(339, 'SMA MAHATMA GADING', 'Jl. Boulevard BGR Komplek Villa Gading Indah Blok D', '-6.1613000', '106.8943000', 'SMA', 'S', '016105', '016100', '010000'),
(340, 'SD NEGERI PULAU TIDUNG 02 PG', 'Jl. Lapangan Hijau Rt. 05/03', '-5.7965000', '106.4956000', 'SD', 'N', '010101', '010100', '010000'),
(341, 'SMP NEGERI 110', 'Jl. Kemajuan', '-6.2416000', '106.7537000', 'SMP', 'N', '016304', '016300', '010000'),
(342, 'SD ISLAM BAHAGIA', 'Jl.Kalianyar No.18', '-6.1590000', '106.7990000', 'SD', 'S', '016205', '016200', '010000'),
(343, 'SMAS ISLAM AL-MARUF', 'JL. RAYA LAPANGAN TEMBAK - CIBUBUR', '-6.3416000', '106.8863000', 'SMA', 'S', '016402', '016400', '010000'),
(344, 'SMKS IP YAKIN', 'JL. BANGUN NUSA NO. 10', '-6.1515000', '106.7300000', 'SMK', 'S', '016207', '016200', '010000'),
(345, 'SMAN 77 JAKARTA', 'JL. CEMPAKA PUTIH TENGAH 17', '-6.1750000', '106.8668000', 'SMA', 'N', '016005', '016000', '010000'),
(346, 'SMAS K CALVIN', 'JL. INDUSTRI B14 KAV. 1', '-6.1528000', '106.8429000', 'SMA', 'S', '016006', '016000', '010000'),
(347, 'SD NEGERI PENJARINGAN 09 PT', 'Jl.bandengan Utara 80', '-6.1338000', '106.7970000', 'SD', 'N', '016101', '016100', '010000'),
(348, 'SMP DARMA SATRIA PERSADA', 'JL. TELUK INDAH BLOK Q NO 24-29', '-6.1362000', '106.7828000', 'SMP', 'S', '016101', '016100', '010000'),
(349, 'SDN Pulogadung 10 Petang.', 'Jl. Kayu Putih I No. 41', '-6.1814000', '106.8956000', 'SD', 'N', '016409', '016400', '010000'),
(350, 'SDS Islam An Nur', 'Jl. Batu Saphir No. 50, Pulomas', '-6.1813000', '106.8822000', 'SD', 'S', '016409', '016400', '010000'),
(351, 'SDS AL KHARIYAH PT', 'Jl. Mindi No. 2', '-6.1202000', '106.9108000', 'SD', 'S', '016104', '016100', '010000'),
(352, 'SD NEGERI KARET KUNINGAN 01 PAGI', 'Jl. Bek Murad No.14a', '-6.2164000', '106.8207000', 'SD', 'N', '016310', '016300', '010000'),
(353, 'SDS Al-Islamiyah', 'Jl. Kalibaru Timur III L', '-6.0997000', '106.9287000', 'SD', 'S', '016106', '016100', '010000'),
(354, 'SD NEGERI KEBON BAWANG 06 PG', 'Jl. Swasembada Barat Ii No. 2', '-6.1262000', '106.8896000', 'SD', 'N', '016103', '016100', '010000'),
(355, 'SDS Harapan', 'Jl. Pabrik Kulit No.2', '-6.1478000', '106.8268000', 'SD', 'S', '016007', '016000', '010000'),
(356, 'SMP Nahdlatul Wathan', 'KP. PISANGAN Rt. 001/03', '-6.2131000', '106.9381000', 'SMP', 'S', '016408', '016400', '010000'),
(357, 'SMAS GITTA KIRTTI 3 JAKARTA', 'JL. BRI RADIO DALAM', '-6.2589000', '106.7922000', 'SMA', 'S', '016306', '016300', '010000'),
(358, 'SMAN 85 JAKARTA', 'JL. SRENGSENG RAYA', '-6.2154000', '106.7591000', 'SMA', 'N', '016201', '016200', '010000'),
(359, 'SMK 3 PERGURUAN CIKINI', 'JL. SRENGSENG SAWAH NO 79', '-6.3534000', '106.8146000', 'SMK', 'S', '016301', '016300', '010000'),
(360, 'SMP TRISULA PERWARI 3', 'Jl. Balai Pustaka Baru I/38 RT.007/007', '-6.1982000', '106.8816000', 'SMP', 'S', '016409', '016400', '010000'),
(361, 'SMP FATAHILLAH', 'Jl. Ciputat Raya  No. 5', '-6.2766000', '106.7735000', 'SMP', 'S', '016305', '016300', '010000'),
(362, 'SMP KRISTEN PANCARAN BERKAT', 'Jl. Setia Jaya Raya No. 100', '-6.1623000', '106.7840000', 'SMP', 'S', '016204', '016200', '010000'),
(363, 'SMP NEGERI 106 JAKARTA', 'Jl.h.baping No.28', '-6.3150000', '106.8739000', 'SMP', 'N', '016402', '016400', '010000'),
(364, 'SMP Negeri 107', 'Jl. Raya Pejaten', '-6.2785000', '106.8364000', 'SMP', 'N', '016302', '016300', '010000'),
(365, 'SD ISLAM TELADAN YASMIN', 'Jl. Raya Bogor Km. 27', '-6.3276000', '106.8638000', 'SD', 'S', '016401', '016400', '010000'),
(366, 'SMP Kartika VIII-1', 'Jl. Anyelir Cijantung II', '-6.3075000', '106.8623000', 'SMP', 'S', '016401', '016400', '010000'),
(367, 'SDN Paseban 07 Pagi', 'Jl. Salemba Tengah No.278 C', '-6.1932000', '106.8551000', 'SD', 'N', '016003', '016000', '010000'),
(368, 'SMKS SAINT JOHN', 'JL. BUNGUR BESAR NO. 82A', '-6.1673000', '106.8420000', 'SMK', 'S', '016006', '016000', '010000'),
(369, 'SMAS KARTINI 1 JAKARTA', 'JL. KALIBARU TIMUR V NO.1', '-6.1658000', '106.8554000', 'SMA', 'S', '016006', '016000', '010000'),
(370, 'SMP BARUNAWATI 3', 'Jl. Anjungan No. 14-16 Komp. Bpp Walang Kel. Rawabadak Utara', '-6.1230000', '106.9006000', 'SMP', 'S', '016104', '016100', '010000'),
(371, 'SMP ISLAM AL-AZHAR 19 CIBUBUR', 'Jl. Jambora Raya No. 19', '-6.3663000', '106.8883000', 'SMP', 'S', '016402', '016400', '010000'),
(372, 'SD NEGERI KARET KUNINGAN 04 PT', 'Jl. Genteng Hijau No.1', '-6.2174000', '106.8271000', 'SD', 'N', '016310', '016300', '010000'),
(373, 'SD AR RAHMAN MOTIK', 'Jl. Setiabudi Utara Blok D No 1.2.3', '-6.2069000', '106.8284000', 'SD', 'S', '016310', '016300', '010000'),
(374, 'SD MELANIA I', 'Jl. Mangga Besar VI Selatan No. 84', '-6.1505000', '106.8244000', 'SD', 'S', '016206', '016200', '010000'),
(375, 'SD NEGERI MALAKA SARI 02 PG', 'Jl. Malaka II', '-6.2241000', '106.9291000', 'SD', 'N', '016407', '016400', '010000'),
(376, 'SD NEGERI CILANDAK BARAT 08', 'Jl. Taman Wijayakusuma V', '-6.3025000', '106.8005000', 'SD', 'N', '016303', '016300', '010000'),
(377, 'SMP NEGERI 3 JAKARTA', 'Jl. Manggarai Utara IV / 6', '-6.2126000', '106.8553000', 'SMP', 'N', '016309', '016300', '010000'),
(378, 'SMP Strada Mardi Utama 1', 'Jl. Gunung Sahari No. 88', '-6.1712000', '106.8405000', 'SMP', 'S', '016006', '016000', '010000'),
(379, 'SMAS CAHAYA FADILAH', 'JL. LINGKAR LUAR BARAT NO.7 RT.013/007', '-6.1753000', '106.7187000', 'SMA', 'S', '016207', '016200', '010000'),
(380, 'SD NEGERI PEJATEN BARAT 02 PT', 'Jl. Conget Pejaten No.16', '-6.2763000', '106.8306000', 'SD', 'N', '016302', '016300', '010000'),
(381, 'SDN Cilincing 07 Pg.', 'Jl. Arteri Cakung Drain No. 1A', '-6.1084000', '106.9352000', 'SD', 'N', '016106', '016100', '010000'),
(382, 'SD NEGERI BAMBU APUS 05 PG', 'Jl. Laksmana VIII', '-6.3038000', '106.9076000', 'SD', 'N', '016403', '016400', '010000'),
(383, 'SD NEGERI CIPETE UTARA 10 PAGI', 'Jl. Kirai Ujung No. 1', '-6.2586000', '106.8034000', 'SD', 'N', '016306', '016300', '010000'),
(384, 'SMP Negeri 194', 'Jl. Pendidikan Komp. IKIP IX', '-6.2346000', '106.9210000', 'SMP', 'N', '016407', '016400', '010000'),
(385, 'SLB C MAWAR PUTIH', 'Jl. Swasembada Barat Xi No. 64 B', '-6.1226000', '106.8878000', 'SLB', 'S', '016103', '016100', '010000'),
(386, 'SMP K3 BPK Penabur', 'Jl. Diponegoro No. 78', '-6.1967000', '106.8488000', 'SMP', 'S', '016003', '016000', '010000');
INSERT INTO `sekolah` (`id`, `nama`, `alamat`, `latitude`, `longitude`, `jenjang`, `status`, `kode_kecamatan`, `kode_kabupaten`, `kode_provinsi`) VALUES
(387, 'SDN Tugu Selatan 01 Pg', 'Jl. Balai Rakyat No. 17', '-6.1328000', '106.9137000', 'SD', 'N', '016104', '016100', '010000'),
(388, 'SD NEGERI MERUYA UTARA 02 PAGI', 'JL. MERUYA UTARA RT. 004/04', '-6.1993000', '106.7412000', 'SD', 'N', '016201', '016200', '010000'),
(389, 'SD ISLAM AL WATHONIYAH 43', 'Jalan Rorotan I Nomor I', '-6.1580000', '106.9530000', 'SD', 'S', '016106', '016100', '010000'),
(390, 'SLB ULAKA PENCA', 'JL. GUNUNG BALONG RT 007/04', '-6.3137000', '106.7842000', 'SLB', 'S', '016303', '016300', '010000'),
(391, 'SMKS YP IPPI JAKARTA', 'JL. RAYA ANEKA ELOK BLOK G', '-6.1994000', '106.9412000', 'SMK', 'S', '016408', '016400', '010000'),
(392, 'SMP NEGERI 197 JAKARTA', 'Jl. Raya Kedoya  No.100', '-6.1706000', '106.7589000', 'SMP', 'N', '016202', '016200', '010000'),
(393, 'SD NEGERI PULO 03 PAGI', 'Jl. Jembatan Selatan', '-6.2524000', '106.7948000', 'SD', 'N', '016306', '016300', '010000'),
(394, 'SMKS AL MIFTAHIYYAH', 'MUARA GEDUNG KALIBARU BARAT VII', '-6.0996000', '106.9359000', 'SMK', 'S', '016106', '016100', '010000'),
(395, 'SD NEGERI PULO GEBANG 12 PETANG', 'Jl. Rawa Bebek RT.02 RW.01', '-6.2115000', '106.9625000', 'SD', 'N', '016408', '016400', '010000'),
(396, 'SMP Tarakanita 4', 'Jl. Balai Pustaka Baru 1', '-6.1953000', '106.8874000', 'SMP', 'S', '016409', '016400', '010000'),
(397, 'SD ISLAM AL BARKAH', 'Jl. Karang Tengah Raya No.10', '-6.3043000', '106.7837000', 'SD', 'S', '016303', '016300', '010000'),
(398, 'SDN BANGKA 03 PAGI', 'Jl. Kemang Timur XI No. 1A', '-6.2664000', '106.8276000', 'SD', 'N', '016307', '016300', '010000'),
(399, 'SDN Cawang 10 Pg.', 'Jl. Mesjid Bendungan III', '-6.2419000', '106.8729000', 'SD', 'N', '016405', '016400', '010000'),
(400, 'SDS Widuri Indah I', 'Jl. TSS Gg. H. Abd. Halim 23', '-6.1511000', '106.8024000', 'SD', 'S', '016205', '016200', '010000'),
(401, 'SMP Negeri 94', 'Jl. Tanah Abang V/29', '-6.1796000', '106.8146000', 'SMP', 'N', '016008', '016000', '010000'),
(402, 'SDN Rawa Badak Utara 06 Pt.', 'Jl. Rawa Binangun V NO. 36', '-6.1165000', '106.8978000', 'SD', 'N', '016104', '016100', '010000'),
(403, 'SD NEGERI TUGU UTARA 11 PG JAKARTA', 'Jl. Komplek Uka', '-6.1236000', '106.9135000', 'SD', 'N', '016104', '016100', '010000'),
(404, 'SMAN 21 JAKARTA', 'JL. TANAH MAS RAYA NO.1', '-6.1849000', '106.8874000', 'SMA', 'N', '016409', '016400', '010000'),
(405, 'SD NEGERI ANCOL 04 JAKARTA', 'Jl. Kampung Muka No. 420 Rt. 09/04', '-6.1257000', '106.8150000', 'SD', 'N', '016102', '016100', '010000'),
(406, 'SMP UNIVERSAL', 'JL. BOULEVAR BARAT RAYA I', '-6.1661000', '106.9046000', 'SMP', 'S', '016105', '016100', '010000'),
(407, 'SDN Pegadungan 06 Pg.', 'Jl. Irigasi Rt. 008/01', '-6.1363000', '106.6925000', 'SD', 'N', '016208', '016200', '010000'),
(408, 'SD NEGERI MENTENG ATAS 02', 'Jl. Dr. Saharjo No. 121', '-6.2195000', '106.8447000', 'SD', 'N', '016310', '016300', '010000'),
(409, 'SMKN 1 JAKARTA', 'JL. BUDI UTOMO NO.7 SAWAH BESAR', '-6.1669000', '106.8372000', 'SMK', 'N', '016007', '016000', '010000'),
(410, 'SMAS PERGURUAN RAKYAT 3 JAKARTA', 'JL. PAHLAWAN REVOLUSI NO. 12', '-6.2288000', '106.8986000', 'SMA', 'S', '016407', '016400', '010000'),
(411, 'SMAS KRISTEN BERKAT JAKARTA', 'JL. JATINEGARA TIMUR NO. 89', '-6.2220000', '106.8683000', 'SMA', 'S', '016406', '016400', '010000'),
(412, 'SD NEGERI BALIMESTER 02 PETANG', 'Jl. Matraman Raya No.226', '-6.2145000', '106.8637000', 'SD', 'N', '016406', '016400', '010000'),
(413, 'SMP San Marino', 'Jl. Komp. Citra Garden I', '-6.1511000', '106.7058000', 'SMP', 'S', '016208', '016200', '010000'),
(414, 'SDN Kebon Kacang 02 Pt.', 'Jl. Keb. Kacang Raya No. 48', '-6.1935000', '106.8155000', 'SD', 'N', '016001', '016000', '010000'),
(415, 'SD BUDHAYA II SANTO AGUSTINUS', 'Jl. Perumnas Raya, Buaran', '-6.2400000', '106.9134000', 'SD', 'S', '016407', '016400', '010000'),
(416, 'SDI Al Azhar Syuhada', 'Jl. Jagakarsa Raya No. 38', '-6.3266000', '106.8207000', 'SD', 'S', '016301', '016300', '010000'),
(417, 'SD NEGERI KLENDER 07 PAGI', 'Jl. Pertanian Timur Rt 15/02', '-6.2147000', '106.8993000', 'SD', 'N', '016407', '016400', '010000'),
(418, 'SMKN 2 JAKARTA', 'JL. BATU 3', '-6.1781000', '106.8335000', 'SMK', 'N', '016008', '016000', '010000'),
(419, 'SMAS KATOLIK NUSA MELATI', 'JL. HANKAM NO. 6 CIPAYUNG', '-6.3303000', '106.9041000', 'SMA', 'S', '016403', '016400', '010000'),
(420, 'SDS Buddhis Silaparamita', 'Jl. Raya Cipinang Jaya I A', '-6.2182000', '106.8870000', 'SD', 'S', '016406', '016400', '010000'),
(421, 'SMP Islam Plus Mardhotillah', 'Jl. Telaga', '-6.2132000', '106.9493000', 'SMP', 'S', '016401', '016400', '010000'),
(422, 'SD STRADA BINA MULIA I', 'Jl. Fajar Baru Selatan No. 64', '-6.1467000', '106.7357000', 'SD', 'S', '016207', '016200', '010000'),
(423, 'SDN Pejaten Barat 05 Pg.', 'Jl. Raya Pejaten Rt 06 Rw 06', '-6.2792000', '106.8364000', 'SD', 'N', '016302', '016300', '010000'),
(424, 'SMP NEGERI 6 JAKARTA', 'Jl. Bulak Timur I/7', '-6.2158000', '106.9071000', 'SMP', 'N', '016407', '016400', '010000'),
(425, 'SDS AL AMJAD', 'Jl. Damai V/14', '-6.2588000', '106.8024000', 'SD', 'S', '016306', '016300', '010000'),
(426, 'SMA TARUNA PERSADA', 'JALAN MASJID NO 29', '-6.2991000', '106.8582000', 'SMA', 'S', '016401', '016400', '010000'),
(427, 'SMAS AL FALAH', 'Jl Raya Malaka No. 1D Munjul Cipayung', '-6.3469000', '106.8845000', 'SMA', 'S', '016402', '016400', '010000'),
(428, 'SMP GARUDA', 'Jl. Duri Utara I No. 1', '-6.1535000', '106.8032000', 'SMP', 'S', '016205', '016200', '010000'),
(429, 'SLB Negeri 01 Jakarta', 'jl.pertanian raya', '-6.3061000', '106.7788000', 'SLB', 'N', '016303', '016300', '010000'),
(430, 'SMP NEGERI 2 JAMBLANG', 'Jl. Nyi Mas Rarakerta', '-6.7018000', '108.4522000', 'SMP', 'N', '021743', '021700', '020000'),
(431, 'SMP AL HIDAYAH', 'Jl Raya Ciapus Curug Nangka Bogor', '-6.6561000', '106.7295000', 'SMP', 'S', '020531', '020500', '020000'),
(432, 'SMPN SATU ATAP 1 PAGERAGEUNG', 'Kp. Tewel', '-7.0777000', '108.1966000', 'SMP', 'N', '021227', '021200', '020000'),
(433, 'SD NEGERI KUJANG SARI', 'Jl.sangkali', '-6.2977000', '107.6066000', 'SD', 'N', '021924', '021900', '020000'),
(434, 'SMP NEGERI 2 SINDANGAGUNG', 'Jln. Raya Desa Kertayasa', '-6.9687000', '108.5387000', 'SMP', 'N', '021530', '021500', '020000'),
(435, 'SDN 3 MARGAJAYA', 'Dusun Margasari RT 03 RW 10', '-7.2387000', '108.4336000', 'SD', 'N', '021420', '021400', '020000'),
(436, 'SMP Negeri 15 Tasikmalaya', 'Jl. Tamanjaya', '-7.3853000', '108.2406000', 'SMP', 'N', '026802', '026800', '020000'),
(437, 'SD BUDI ISTRI', 'Jl. Sancang No. 4', '-6.9296000', '107.6196000', 'SD', 'S', '026007', '026000', '020000'),
(438, 'SMP NEGERI 3 WARUNGKONDANG', 'Warungkondang', '-6.8919000', '107.1084000', 'SMP', 'N', '020713', '020700', '020000'),
(439, 'SD NEGERI WADO', 'Jl Raya Wado No 34', '-6.9349000', '108.0927000', 'SD', 'N', '021010', '021000', '020000'),
(440, 'SD ISLAM TERPADU IMAM BUKHARI', 'Jl. Caringin-Jatinangor Km. 20,5 Komp.PPM Fi Zhilal Al-Quran', '-6.9415000', '107.7707000', 'SD', 'S', '021001', '021000', '020000'),
(441, 'SD NEGERI SUKABAKTI', 'Dusun Labansari', '-6.3304000', '107.7325000', 'SD', 'N', '021918', '021900', '020000'),
(442, 'SD NEGERI  BUDIASIH', 'KP KERTAJAYA DS WANGUNJAYA', '-7.2817650', '107.3631480', 'SD', 'N', '020704', '020700', '020000'),
(443, 'SMP NEGERI 3 NGAMPRAH', 'JL. BUKIT PERMATA RAYA', '-6.8589000', '107.5309000', 'SMP', 'N', '022310', '022300', '020000'),
(444, 'SDN 3 PAWINDAN', 'Jl. Otto Iskandardinata, Dusun Rancautama Rt. 02 / Rw. 07', '-7.3322000', '108.3583000', 'SD', 'N', '021421', '021400', '020000'),
(445, 'SD NEGERI CIDATAR 04 CISURUPAN', 'Kp. Sindang Asih', '-7.3334000', '107.7892000', 'SD', 'N', '021116', '021100', '020000'),
(446, 'SD NEGERI MARGALUYU', 'Kp. Margaluyu Ds. Margaluyu', '-6.7909000', '107.1089000', 'SD', 'N', '020706', '020700', '020000'),
(447, 'SD NEGERI CARINGIN', 'Kp.caringin', '-7.3186120', '106.7195760', 'SD', 'N', '020606', '020600', '020000'),
(448, 'SD NEGERI JAYAMUKTI 2 CIHURIP', 'Kp. Lamekohok', '-7.4890000', '107.8641000', 'SD', 'N', '021134', '021100', '020000'),
(449, 'SLB PGRI CIAMBAR', 'JL. CIAMBAR KM 05 PASIR ANGIN', '-6.8314000', '106.7777000', 'SLB', 'S', '020647', '020600', '020000'),
(450, 'SMP TRIPLE J', 'Jln Landbau Rt. 01/10', '-6.4852000', '106.8670000', 'SMP', 'S', '020520', '020500', '020000'),
(451, 'SD NEGERI PEGAJAHAN III', 'Jl. Pangeran Drajat', '-6.7312000', '108.5599000', 'SD', 'N', '026303', '026300', '020000'),
(452, 'SD NEGERI SAGALAHERANG VI', 'Jalan Alun Alun Timur No. 23', '-6.6745000', '107.6301000', 'SD', 'N', '021901', '021900', '020000'),
(453, 'SD PLUS AT-TOHARIAH', 'Kp. Tenjolaut Ds. Sukakarya Kec. Sukakarya Kab.	 Bekasi Prop. Jawa Barat', '-6.1523000', '107.1701000', 'SD', 'S', '022225', '022200', '020000'),
(454, 'SD BPMD TARUNA', 'Jl. Hasan Ali No. 64 A/76', '-6.9153000', '107.5773000', 'SD', 'S', '026018', '026000', '020000'),
(455, 'SD NEGERI RANJIKULON I', 'Jl. Desa Ranjikulon', '-6.7566000', '108.2347000', 'SD', 'N', '021626', '021600', '020000'),
(456, 'SDN 1 CIBINONG', 'Jln. Industri Ubrug No. 92 Kp. Sampih Rt. 05 Rw. 02', '-6.5577000', '107.4049000', 'SD', 'N', '022001', '022000', '020000'),
(457, 'SDN MALINGPING', 'Kp. Malingping', '-7.3664683', '108.0756017', 'SD', 'N', '021236', '021200', '020000'),
(458, 'SD S TERPADU BINA ILMU', 'Jl Haji Mawi Nomor 3', '-6.4254000', '106.7272000', 'SD', 'S', '020524', '020500', '020000'),
(459, 'SD NEGERI 2 PARUNGSEAH', 'Jl. Parungseah No. 65', '-6.9040060', '106.9290750', 'SD', 'N', '020618', '020600', '020000'),
(460, 'SD NEGERI KOLEBERES 1', 'Kp Koleberes', '-7.1920000', '107.1519000', 'SD', 'N', '020727', '020700', '020000'),
(461, 'SD NEGERI SUKASENANG II BANYURESMI', 'Jl. KH. Hasan Arief No. 844', '-7.1442000', '107.9290000', 'SD', 'N', '021123', '021100', '020000'),
(462, 'SD NEGERI SOROG', 'Kp. Sorog', '-6.9770860', '106.7487830', 'SD', 'N', '020612', '020600', '020000'),
(463, 'SDN Cibunigeulis', 'Leuwibudah', '-7.3152000', '108.1699000', 'SD', 'N', '026810', '026800', '020000'),
(464, 'SD NEGERI 3 KEDUNGBUNDER', 'Jl.kh Agus Salim', '-6.6903000', '108.3692000', 'SD', 'N', '021740', '021700', '020000'),
(465, 'SD NEGERI JATI RAHAYU VI', 'Jl. Chandra IV', '-6.2506000', '106.9696000', 'SD', 'N', '026512', '026500', '020000'),
(466, 'SD IT AL-MUNAWWAR', 'Jl.Ace Tabrani Km 5 Kp.Pakapuran  RT 01 RW 0606', '-6.5936000', '106.5411000', 'SD', 'S', '020501', '020500', '020000'),
(467, 'SMP AL MUHAJIRIN', 'Jl. Veteran No. 155', '-6.5275000', '107.4496000', 'SMP', 'S', '022010', '022000', '020000'),
(468, 'SD NEGERI 1 CILEDUG WETAN', 'JL. PELABUHAN CIHOE', '-6.6045000', '108.3891000', 'SD', 'N', '021702', '021700', '020000'),
(469, 'SD NEGERI 2 TEGALMUNJUL', 'Jl.Ipik Gandamanah No. 46', '-6.5421000', '107.4505000', 'SD', 'N', '022010', '022000', '020000'),
(470, 'SDN 3 RAWA', 'Dusun Bojong Sukamulya', '-7.1593000', '108.3322000', 'SD', 'N', '021435', '021400', '020000'),
(471, 'SDN 2 CIWARAK', 'Kp. Sukasenang', '-7.5053000', '108.1991000', 'SD', 'N', '021235', '021200', '020000'),
(472, 'SDN 1 CIULU', 'Jalan Pangandaran No.59', '-7.5120000', '108.6547000', 'SD', 'N', '021410', '021400', '020000'),
(473, 'SMPN 2 KERTASARI', 'Jln Raya Pacet Km 17', '-7.1633000', '107.6886110', 'SMP', 'N', '020805', '020800', '020000'),
(474, 'SD NEGERI YUGASARI', 'Kp. Yugasari', '-7.4151000', '107.0288000', 'SD', 'N', '020702', '020700', '020000'),
(475, 'SMP ISLAM MADINATUL ILMI', 'Jl. Laut Raya Muaragembong, No.9 Rt .03/02 Desa Pantai Mekar Kec. Muaragembong', '-6.0119000', '107.0158000', 'SMP', 'S', '022215', '022200', '020000'),
(476, 'SMP PGRI GABUSWETAN', 'Jl. Pu Barat Gabus Kulon', '-6.4400000', '108.0762000', 'SMP', 'S', '021803', '021800', '020000'),
(477, 'SMP GENERUS MANDIRI', 'Gunung Putri Selatan RT 02 RW 02', '-6.4650000', '106.8883000', 'SMP', 'S', '020519', '020500', '020000'),
(478, 'SDN 1 PENGADILAN', 'Jalan Tarumanagara No.16', '-7.3275000', '108.2361000', 'SD', 'N', '026808', '026800', '020000'),
(479, 'SMP NEGERI 24 DEPOK', 'Jl. Keramat Leuwinanggung Rt. 03 Rw. 09', '-6.4097000', '106.9158000', 'SMP', 'N', '026610', '026600', '020000'),
(480, 'SD NEGERI 1 GEYONGAN', 'Jln Merdeka', '-6.6679000', '108.4083000', 'SD', 'N', '021720', '021700', '020000'),
(481, 'SMP PGRI PASIRJAMBU', 'Jl. Cisondari No. 24', '-7.0929620', '107.4791870', 'SMP', 'S', '020802', '020800', '020000'),
(482, 'SLB NEGERI SURADE', 'Jl. Lapang Lodaya Setra Surade', '-7.3360180', '106.5602700', 'SLB', 'N', '020603', '020600', '020000'),
(483, 'SD NEGERI JAYAWARAS 1 TAROGONG KIDUL', 'Jl. Gordah', '-7.2065320', '107.5549000', 'SD', 'N', '021140', '021100', '020000'),
(484, 'SD NEGERI AMBIT', 'Dusun Ambit', '-6.8493000', '108.0088000', 'SD', 'N', '021007', '021000', '020000'),
(485, 'SMP WIJAYA PLUS', 'Jl. Bitung Sari Ratna I', '-6.6816000', '106.8444000', 'SMP', 'S', '020510', '020500', '020000'),
(486, 'SD NEGERI KAYURINGIN JAYA XXI', 'Jl. Cendrawasih Raya Perumnas I Bekasi', '-6.2368000', '106.9825000', 'SD', 'N', '026505', '026500', '020000'),
(487, 'SMP PGRI RAWALUMBU', 'Jl. Makrik Rt 04 Rw 07 Yonif 202 Tajimalela', '-6.2481000', '107.0036000', 'SMP', 'S', '026510', '026500', '020000'),
(488, 'SMP YAPENI', 'Jln Mayor Oking Jayaatmaja No 26', '-6.4816000', '106.8830000', 'SMP', 'S', '020520', '020500', '020000'),
(489, 'SD NEGERI AIRLANGGA', 'Jl. Ciawitali - Gempol No. 14 Ds. Pusakaratu', '-6.2729000', '107.8577000', 'SD', 'N', '021920', '021900', '020000'),
(490, 'SD N CIKERETEG 01', 'Jln . Mayjen HR.Edi Sukma Caringin, Kp. Cikereteg Rt 02/04', '-6.6881000', '106.8366000', 'SD', 'N', '020509', '020500', '020000'),
(491, 'SD NEGERI 1 SITUHIANG', 'JL SITUHIANG', '-7.2729530', '106.6249900', 'SD', 'N', '020604', '020600', '020000'),
(492, 'SDN PASIRTANJUNG III', 'Dusun Randengan', '-6.3283000', '107.4463000', 'SD', 'N', '022109', '022100', '020000'),
(493, 'SMPN 2 CICALENGKA', 'Kp. Sumelap', '-7.0147000', '107.8475000', 'SMP', 'N', '020810', '020800', '020000'),
(494, 'SD NEGERI JALAN ANYAR', 'Jl. Padasuka No. 99/209 C', '-6.9024000', '107.6529000', 'SD', 'N', '026021', '026000', '020000'),
(495, 'SMPS ISLAM TARBIYATUL HUDA', 'Jl. K.H. Abdul Hamid KM 07 Kp. Cilengkong Rt 04/ 03', '-6.6410000', '106.6528000', 'SMP', 'S', '020503', '020500', '020000'),
(496, 'SDN 2 HEGARMANAH', 'Dusun Gunungsari', '-7.4091000', '108.3981000', 'SD', 'N', '021413', '021400', '020000'),
(497, 'SD NEGERI JATIRASA IV', 'Perum Jatiasih Indah', '-6.2887000', '106.9765000', 'SD', 'N', '026502', '026500', '020000'),
(498, 'SD NEGERI 1 JAYANTI', 'Kp. Cimanggu', '-6.9482830', '106.5609460', 'SD', 'N', '020611', '020600', '020000'),
(499, 'SMP NEGERI 17 BOGOR', 'Rancamaya', '-6.6733000', '106.8408000', 'SMP', 'N', '026101', '026100', '020000'),
(500, 'SD NEGERI CAMPAKAWARNA', 'Kp Campaka', '-7.2831000', '107.3527000', 'SD', 'N', '020727', '020700', '020000'),
(501, 'SMP TAMAN REJEKI', 'Jl Kiara Payung No 11', '-6.4668000', '106.8597000', 'SMP', 'S', '020521', '020500', '020000'),
(502, 'SD BUDILUHUR', 'Jl. Gajah XVII No. 16', '-6.9028000', '107.5303000', 'SD', 'S', '026701', '026700', '020000'),
(503, 'SD NEGERI BUNIGEULIS', 'Rt.01 Rw.01', '-6.9030000', '108.5605000', 'SD', 'N', '021532', '021500', '020000'),
(504, 'SMP TERPADU AL HASYIMI', 'Jl Raya Pangandaran Dsn Karang Mulya Kec. Padaherang', '-7.5215000', '108.6849000', 'SMP', 'S', '022556', '022500', '020000'),
(505, 'SD NEGERI SINGKUP', 'Jalan Raya Singkup', '-6.9072000', '108.5155000', 'SD', 'N', '021519', '021500', '020000'),
(506, 'SMPN SATU ATAP TERPADU 2 CIBOGOGIRANG', 'Kp. Cibogogirang Plered', '-6.6601000', '107.3868000', 'SMP', 'N', '022004', '022000', '020000'),
(507, 'SD NEGERI RENGRANG', 'Kp Rengrang', '-7.3931000', '108.1536000', 'SD', 'N', '021212', '021200', '020000'),
(508, 'SD NEGERI KIARAKURUNG', 'Jl. Raya Haurgeulis - Gantar Km. 5', '-6.4983000', '107.9597000', 'SD', 'N', '021825', '021800', '020000'),
(509, 'SD NEGERI 1 REJASARI', 'Dusun Rancabulus RT 03 RW 04', '-7.3538000', '108.6219000', 'SD', 'N', '026904', '026900', '020000'),
(510, 'SD N MAJASEM 2', 'Jl. Perjuangan', '-6.7551000', '108.5419000', 'SD', 'N', '026304', '026300', '020000'),
(511, 'SD NEGERI CISALAK 1', 'Jl Raya Jakarta Bogor Km 32', '-6.3791700', '106.8667950', 'SD', 'N', '026603', '026600', '020000'),
(512, 'SDN 1 SUKAMUKTI', 'Dusun Kotaharja Rw 016 Rt 03', '-7.4556000', '108.4990000', 'SD', 'N', '021412', '021400', '020000'),
(513, 'SMP WIDYA UTAMA', 'Jl.kesambi baru I', '-6.7432000', '108.5398000', 'SMP', 'S', '026304', '026300', '020000'),
(514, 'SMP NEGERI 2 PARUNG', 'Jl. Balai Desa Jabon Mekar', '-6.4504000', '106.7233000', 'SMP', 'N', '020524', '020500', '020000'),
(515, 'SD NEGERI 1 CIBENDA', 'Jl. Raya  Cibenda NO.168', '-7.6802000', '108.5511000', 'SD', 'N', '022560', '022500', '020000'),
(516, 'SD N RABAK 02', 'Kp Cikadu', '-6.4960000', '106.6458000', 'SD', 'N', '020526', '020500', '020000'),
(517, 'SD IT NURUL FIKRI', 'Jl.Lucky Abadi No.61', '-6.3596800', '106.8499367', 'SD', 'S', '026604', '026600', '020000'),
(518, 'SD NEGERI LEUWEUNGGEDE I', 'Sebelah Barat Lapangan Sepakbola Desa Leuweunggede', '-6.7532000', '108.2758000', 'SD', 'N', '021614', '021600', '020000'),
(519, 'SD NEGERI 1 SINDANGKASIH', 'Jl. Sekolahan', '-6.7598000', '108.4802000', 'SD', 'N', '021710', '021700', '020000'),
(520, 'SD NEGERI TAJUR I', 'Blok Tajursari', '-6.8484850', '108.2672883', 'SD', 'N', '021608', '021600', '020000'),
(521, 'SD NEGERI WANGUK III', 'Jalan Irigasi', '-6.4130000', '107.9617000', 'SD', 'N', '021821', '021800', '020000'),
(522, 'SD NEGERI NEGLASARI', 'Jl.Cikoneng Desa Kalibunder KEC. Kalibunder', '-7.2519500', '106.7174667', 'SD', 'N', '020605', '020600', '020000'),
(523, 'SMP NEGERI 3 SAGULING', 'JL. CIKANDE  RT.05 RW.07', NULL, NULL, 'SMP', 'N', '022316', '022300', '020000'),
(524, 'SD PASUNDAN 3', 'Jl. Babakan Ciparay No.112/194 A', '-6.9274000', '107.5854000', 'SD', 'S', '026002', '026000', '020000'),
(525, 'SDN CITARIK III', 'Kp. Kepuh', '-6.3357000', '107.4520000', 'SD', 'N', '022106', '022100', '020000'),
(526, 'SD NEGERI PAMEKARSARI II BANYURESMI', 'Kp. Pungkur', '-7.1751000', '107.9202000', 'SD', 'N', '021123', '021100', '020000'),
(527, 'SMP AL-TAMIMI', 'Jl. Gajah Eretan No. 19', '-6.9705333', '107.5316400', 'SMP', 'S', '020833', '020800', '020000'),
(528, 'SD NEGERI BANYUSARI I', 'Blok Babakan', '-7.0476000', '108.2589000', 'SD', 'N', '021624', '021600', '020000'),
(529, 'SMP TERPADU RIYADLUL ULUM WADDA WAH', 'Komplek Pesantren Condong', '-7.3459000', '108.2606000', 'SMP', 'S', '026801', '026800', '020000'),
(530, 'SMP ISLAM TERPADU AL - MUTAQIN', 'KP.PASIRHAUR', '-6.8289840', '106.7005660', 'SMP', 'S', '020644', '020600', '020000'),
(531, 'SD N CIBENTANG 01', 'Jl.amd Cibentang RT 01/01', '-6.3707000', '106.6632000', 'SD', 'N', '020532', '020500', '020000'),
(532, 'SD NEGERI CIBEUTEUNG MUARA 01', 'Kp.cimeong', '-6.4519000', '106.6655000', 'SD', 'N', '020532', '020500', '020000'),
(533, 'SMP NEGERI 18 KOTA BOGOR', 'Jl. Jati Luhur Blok H-4 Komplek Baranangsiang Indah Bogor', '-6.6120000', '106.8257000', 'SMP', 'N', '026102', '026100', '020000'),
(534, 'SD NEGERI BABAKAN', 'Jln. Babakan No. 7', '-6.5933000', '106.8065000', 'SD', 'N', '026104', '026100', '020000'),
(535, 'SMP NEGERI 1 WIDASARI', 'Jl. Raya Bangkaloa - Widasari', '-6.4883000', '108.2970000', 'SMP', 'N', '021807', '021800', '020000'),
(536, 'SDN TIMUHEGAR', 'Kp. Cireundeu', '-7.4932000', '107.9525000', 'SD', 'N', '021208', '021200', '020000'),
(537, 'SD NEGERI MAJASARI 3 CIBIUK', 'Kp. Cibacang', '-7.0714000', '107.9436000', 'SD', 'N', '021127', '021100', '020000'),
(538, 'SD NEGERI CINTA I KARANGTENGAH', 'Kp. Jeungjing', '-7.1581000', '108.0531000', 'SD', 'N', '021137', '021100', '020000'),
(539, 'SD NEGERI HARAPAN 2', 'Jl Pojok Utara Gg Karya Muda 2', '-6.8727000', '107.5365000', 'SD', 'N', '026702', '026700', '020000'),
(540, 'SD N LEUWINUTUG 01', 'Jl. Raya Pahlawan, Citeureup - Sentul No. 26 Kec. Citeureup. Kab. bogor', '-6.5077000', '106.8658000', 'SD', 'N', '020520', '020500', '020000'),
(541, 'SD NEGERI PAMALAYAN 6 CISEWU', 'Kp. Cicadas', '-7.3460000', '107.5766000', 'SD', 'N', '021102', '021100', '020000'),
(542, 'SD NEGERI SUKAMENAK', 'Jl. Otista No.63 Subang', '-6.5647000', '107.7656000', 'SD', 'N', '021907', '021900', '020000'),
(543, 'SDN TAMANSARI I', 'KP.CITAMAN RT.04 RW. 01', '-6.2884000', '107.3957000', 'SD', 'N', '022101', '022100', '020000'),
(544, 'SD N RANCABUNGUR 04', 'Jl Lingkar Rancabungur Rt05/09', '-6.5284000', '106.7021000', 'SD', 'N', '020535', '020500', '020000'),
(545, 'SDN MARGALUYU', 'Kp. Kupaamis Rt 11 Rw 08', '-7.3824000', '108.3211000', 'SD', 'N', '021204', '021200', '020000'),
(546, 'SD N JONGGOL 04', 'Jl. Otista No. 05 Pojok Salak', '-6.4658000', '107.0682000', 'SD', 'N', '020517', '020500', '020000'),
(547, 'SDN SUKAMANAH', 'Jln. Raya Rancaekek-Majalaya No.386', '-6.9742900', '107.7516700', 'SD', 'N', '020811', '020800', '020000'),
(548, 'SMP NEGERI 2 GREGED', 'Jalan Imam Bonjol', '-6.8209000', '108.5597000', 'SMP', 'N', '021741', '021700', '020000'),
(549, 'SMP PGRI KARANGTENGAH', 'Jl. Didi Prawira Kusumah Kec. Karangtengah', '-6.8246000', '107.1977000', 'SMP', 'S', '020719', '020700', '020000'),
(550, 'SD NEGERI 05 KARANGTENGAH', 'Jl.benda Karangtengah', '-6.8963810', '106.8082660', 'SD', 'N', '020621', '020600', '020000'),
(551, 'SDN SUKAMULYA I', 'Kp. Puloluntas', '-6.2019000', '107.3006000', 'SD', 'N', '022123', '022100', '020000'),
(552, 'SDN 1 BOJONGGAMBIR', 'Kp. Sindangsari', '-7.5159000', '107.9779000', 'SD', 'N', '021208', '021200', '020000'),
(553, 'SMP NEGERI 2 BONGAS', 'Jl. Raya Desa Cipaat', '-6.3762000', '108.0003000', 'SMP', 'N', '021820', '021800', '020000'),
(554, 'SD NEGERI 2 CIMANGGU', 'JL. PRIMER KM.7 CIANGSANA', '-6.9334894', '106.7753724', 'SD', 'N', '020614', '020600', '020000'),
(555, 'SD NEGERI CANGKO II', 'Blok Jatilawang Rt/rw 09/05', '-6.5657000', '108.2925000', 'SD', 'N', '021830', '021800', '020000'),
(556, 'SD NEGERI JAKASAMPURNA X', 'Jl. Patriot', '-6.2397000', '106.9702000', 'SD', 'N', '026506', '026500', '020000'),
(557, 'SDN PALASARI 03', 'Kp. Sawah Luhur Palasari', '-7.0256000', '107.5939000', 'SD', 'N', '020817', '020800', '020000'),
(558, 'SD NEGERI LINGGARJATI 1 PAMULIHAN', 'Kp. Wates Rt 06 / 04', '-7.3772750', '107.6390140', 'SD', 'N', '021104', '021100', '020000'),
(559, 'SMP NEGERI 2 CIGUDEG', 'Jl. Sudamanik', '-6.4674000', '106.5328000', 'SMP', 'N', '020527', '020500', '020000'),
(560, 'SDIT AL UMMAH', 'Jl.Raya Bogor Sukabumu Perum Vila Mutiara Lido blok E cigombong', '-6.7447840', '106.7971790', 'SD', 'S', '020538', '020500', '020000'),
(561, 'SD NEGERI SUNDULAN', 'Dusun Buahngariung', '-6.9350000', '108.0927000', 'SD', 'N', '021010', '021000', '020000'),
(562, 'SDN BOJONGKACOR 02', 'Jl. Parakan Panjang', '-6.8835120', '107.6334250', 'SD', 'N', '020826', '020800', '020000'),
(563, 'SD NEGERI 3 CIBEUREUM', 'Dusun 3', '-7.0505000', '108.7292000', 'SD', 'N', '021529', '021500', '020000'),
(564, 'SD NEGERI JANGKURANG 5 LELES', 'Kp. Pangauban', '-7.1089000', '107.8474000', 'SD', 'N', '021124', '021100', '020000'),
(565, 'SMPS PRAJA PERMATIS', 'Kp. Mekar Jaya RT 01/01', '-6.4515000', '106.8140000', 'SMP', 'S', '020539', '020500', '020000'),
(566, 'SD NEGERI PEGAJAHAN I', 'Jln. Pegajahan No.54 RT.01 RW.05', '-6.7332000', '108.5709000', 'SD', 'N', '026303', '026300', '020000'),
(567, 'SDN BUGEL 02', 'Kp.bugel', '-7.0388000', '107.7095000', 'SD', 'N', '020813', '020800', '020000'),
(568, 'SD NEGERI KEDUNGSARI', 'Jl. Desa', '-6.6315000', '108.3430000', 'SD', 'N', '021620', '021600', '020000'),
(569, 'SD NEGERI GABUSWETAN IV', 'Jl. PU Jenguk', '-6.4136000', '108.0663000', 'SD', 'N', '021803', '021800', '020000'),
(570, 'SD NEGERI LEMAH AYU II', 'Jl. Balai Desa Lemah Ayu', '-6.5296000', '108.3847000', 'SD', 'N', '021808', '021800', '020000'),
(571, 'SMP ISLAM TERPADU BABUSSALLAM BLANAKAN', 'Jl. Rawameneng KM. 01', NULL, NULL, 'SMP', 'S', '021922', '021900', '020000'),
(572, 'SDN 3 BANGBAYANG', 'Dusun Bangbayang Kidul', '-7.2140000', '108.3985000', 'SD', 'N', '021425', '021400', '020000'),
(573, 'SD NEGERI 2 GEBANGMEKAR', 'Jl. KUD Mina Bumi Bahari', '-6.8357000', '108.7260000', 'SD', 'N', '021730', '021700', '020000'),
(574, 'SMP SANTIKA SINDANG', 'Jl. Cendana Blok B Rt.12 Rw.03', '-6.3723000', '108.3106000', 'SMP', 'S', '021816', '021800', '020000'),
(575, 'SMP SALMAN AL FARISI', 'Jl.tubagus Ismail VIII', '-6.8829000', '107.6226000', 'SMP', 'S', '026023', '026000', '020000'),
(576, 'SMKS FARMASI EKA BAKTI', 'JL. BOJONG KUKUN NO.8', '-6.9968000', '107.5978000', 'SMK', 'S', '020814', '020800', '020000'),
(577, 'SD NEGERI SUKAMULYA', 'Dusun Pasirmuncang', '-6.8631000', '107.7907000', 'SD', 'N', '021029', '021000', '020000'),
(578, 'SDN DAYEUHKOLOT 14', 'Komp. Yon Zipur 3', '-6.9873000', '107.6253000', 'SD', 'N', '020822', '020800', '020000'),
(579, 'SMP NEGERI 1 KABANDUNGAN', 'Jl. Raya Kabandungan', '-6.7863670', '106.6232850', 'SMP', 'N', '020630', '020600', '020000'),
(580, 'SD NEGERI SUKAMAJU', 'KP. SUKAMAJU DESA SUKAMAJU KECAMATAN CIJATI', '-7.3743490', '107.4360250', 'SD', 'N', '020729', '020700', '020000'),
(581, 'SMPN 1 CIPARAY', 'Jln. Laswi No. 809 Manggungharja', '-7.0378000', '107.7217000', 'SMP', 'N', '020813', '020800', '020000'),
(582, 'SDN MANGGAHANG 02', 'Jl. Raya Laswi No. 86', '-7.0130000', '107.6383000', 'SD', 'N', '020814', '020800', '020000'),
(583, 'SD NEGERI 2 KONDANGSARI', 'Jln Villa Kondangsari Desa Kondangsari', '-6.7912000', '108.5252000', 'SD', 'N', '021710', '021700', '020000'),
(584, 'SDN LEGOK III', 'Blok Kedung Desa Legok', '-6.4265000', '108.2767000', 'SD', 'N', '021817', '021800', '020000'),
(585, 'SD NEGERI 2 CIJENUK', 'Kp. Babakan RT.03 RW.01', '-6.9905000', '107.3701000', 'SD', 'N', '022306', '022300', '020000'),
(586, 'SDN RANCAEKEK 04', 'Kp. Babakan Harja', '-6.9596000', '107.7604200', 'SD', 'N', '020811', '020800', '020000'),
(587, 'SD NEGERI KARANG BARU 04', 'Jl RE Martadinata No 03', '-6.2635000', '107.1446000', 'SD', 'N', '022220', '022200', '020000'),
(588, 'SMP DARUL ULUM', 'Jl.h. Suhaemi No.9 Parung Tengah', '-6.4182867', '106.7416400', 'SMP', 'S', '026611', '026600', '020000'),
(589, 'SD IT AR-RAHMAN', 'KP. SINDANGRERET RT 04/02', '-6.9913750', '107.4806780', 'SD', 'S', '022011', '022000', '020000'),
(590, 'SD NEGERI 1 CITANGLAR', 'Jl. Raya Citanglar', '-7.3195250', '106.5843500', 'SD', 'N', '020603', '020600', '020000'),
(591, 'SD NEGERI TRESNARAJA', 'Kp. Ciraja RT.03 RW.04', '-6.7666000', '107.4526000', 'SD', 'N', '022314', '022300', '020000'),
(592, 'SDN 2 KERTAJAYA', 'Dusun Padaemut', '-7.4016000', '108.6595000', 'SD', 'N', '021411', '021400', '020000'),
(593, 'SD NEGERI MARGACINTA 1', 'Jl. Marga Indah I Margacinta', '-6.9552000', '107.6422000', 'SD', 'N', '026009', '026000', '020000'),
(594, 'SD NEGERI LEBAKLARANG', 'Kp. Lebaklarang', '-6.8133100', '106.7118760', 'SD', 'N', '020625', '020600', '020000'),
(595, 'SDN 2 CITAMIANG', 'Kp. Cibuluh', '-6.7063000', '107.3221000', 'SD', 'N', '022002', '022000', '020000'),
(596, 'SMPN SATU ATAP TERPADU SUMBERSARI', 'JL. RAYA Ds. SUMBERSARI RT 05/03', '-6.6607000', '107.5526000', 'SMP', 'N', '022013', '022000', '020000'),
(597, 'SD NEGERI JANGGA II', 'Jl Turangga Bahari', '-6.3990000', '108.1675000', 'SD', 'N', '021818', '021800', '020000'),
(598, 'SD NEGERI 2 CIGANJENG', 'Dusun Pasar', '-7.5835000', '108.7116000', 'SD', 'N', '022556', '022500', '020000'),
(599, 'SD NEGERI 2 CIGOBANGWANGI', 'Jl Rambutan', '-6.9267000', '108.7195000', 'SD', 'N', '021736', '021700', '020000'),
(600, 'SD NEGERI PADASUKA 3 CIBATU', 'Kp Sukaraharja', '-7.0950000', '108.0063000', 'SD', 'N', '021126', '021100', '020000'),
(601, 'SD N KOTABATU 09', 'Jl Kapten Yusup No 23', '-6.6194000', '106.7841000', 'SD', 'N', '020507', '020500', '020000'),
(602, 'SDN CIBANTENG', 'Kp. Cibanteng', '-6.8666000', '107.6732900', 'SD', 'N', '020826', '020800', '020000'),
(603, 'SD NEGERI SETIA ASIH 05', 'Kp. Tanah Tinggi', '-6.1399000', '107.0008000', 'SD', 'N', '022210', '022200', '020000'),
(604, 'SD NEGERI CISALAK IV', 'Jati Cisalak', '-6.7153000', '107.7717000', 'SD', 'N', '021903', '021900', '020000'),
(605, 'SD NEGERI MUSTIKA JAYA VI', 'Jl Asem Jaya V Rt 01/05 Mustikajaya Bekasi', '-6.2915000', '107.0266000', 'SD', 'N', '026511', '026500', '020000'),
(606, 'SD NEGERI KERTASARI', 'KP. SUDIMAMPIR HILIR', '-6.7753000', '107.5728000', 'SD', 'N', '022309', '022300', '020000'),
(607, 'SD NEGERI SINDANGSARI 3 CISOMPET', 'Kp. Joglo', '-7.5525000', '107.8353000', 'SD', 'N', '021109', '021100', '020000'),
(608, 'SD NEGERI CIKALONGKULON 1', 'Jl. Kaum Tengah', '-6.7142000', '107.2143000', 'SD', 'N', '020724', '020700', '020000'),
(609, 'SD NEGERI 2 CILANGARI', 'Kp. Neglasari RT.02 RW.13', '-7.0509000', '107.2004000', 'SD', 'N', '022302', '022300', '020000'),
(610, 'SD NEGERI 3 CIJEMIT', 'Dusun Sukasari Rt.05 Rw.03', '-7.0530000', '108.5010000', 'SD', 'N', '021503', '021500', '020000'),
(611, 'SMP PLUS MIFTAHUL HUDA TEGALMULYA', ' JL. KH. HASAN SYARQOWI NO. 24', '-6.5172000', '108.4485000', 'SMP', 'S', '021809', '021800', '020000'),
(612, 'SD N CEMPAKA', 'Jl. Permata No.12', '-6.4024000', '106.7230000', 'SD', 'N', '020525', '020500', '020000'),
(613, 'SD N SITUSARI 01', 'Kp Karet', '-6.4311000', '107.0275000', 'SD', 'N', '020518', '020500', '020000'),
(614, 'SD N MARGAJAYA 4', 'Dramaga Loceng No.3 Rt.03/04', '-6.5746000', '106.7425000', 'SD', 'N', '026105', '026100', '020000'),
(615, 'SD NEGERI KRAMATMULYA', 'Jl Buyut Demang No. 282', '-6.9315000', '108.4889000', 'SD', 'N', '021515', '021500', '020000'),
(616, 'SD NEGERI KARYA BAKTI', 'Jl. Pangsor', '-6.4697000', '107.7972000', 'SD', 'N', '021927', '021900', '020000'),
(617, 'SD NEGERI SUKAMULYA 3', 'Kp Pasir Rawa Rt 02 Rw 07', '-6.8414000', '107.2490000', 'SD', 'N', '020715', '020700', '020000'),
(618, 'SD IT RIYADH EL JANNAH', 'PERUM KODAM BLOK. A NO.27', '-6.2887000', '107.0351000', 'SD', 'S', '026511', '026500', '020000'),
(619, 'SD Negeri WANARAJA 1 WANARAJA', 'Jl. Raya Wanaraja No 341', '-7.1996000', '107.9996000', 'SD', 'N', '021121', '021100', '020000'),
(620, 'SMP PGRI 2 KALAPANUNGGAL', 'KP. CINGENCA', '-6.8273120', '106.6376590', 'SMP', 'S', '020627', '020600', '020000'),
(621, 'SDN SANTOSA', 'Santosa', '-7.0838000', '107.7745000', 'SD', 'N', '020805', '020800', '020000'),
(622, 'SD NEGERI CISAAT KASOMALANG', 'Kp. Cisaat Desa Bojongloa', '-6.5161000', '107.5918000', 'SD', 'N', '021925', '021900', '020000'),
(623, 'SMPN 2 KLARI', 'Jl.Raya PJT. II Curug', '-6.4069000', '107.3790000', 'SMP', 'N', '022104', '022100', '020000'),
(624, 'SMP PLUS AL ILYAS MALANGBONG', 'Jl. Raya Barat Malangbong', '-7.0602000', '108.0864000', 'SMP', 'S', '021131', '021100', '020000'),
(625, 'SD NEGERI KARYAMEKAR 3 CILAWU', 'Kp. Cirorek', '-7.2831000', '107.9093000', 'SD', 'N', '021114', '021100', '020000'),
(626, 'SMP PLUS NURUL BAYAN CIMERAK', 'JL SINDANGSARI CIDADAP', NULL, NULL, 'SMP', 'S', '022552', '022500', '020000'),
(627, 'SD NEGERI RATUMANDALA', 'Jl. Ratumandala', '-7.4012570', '106.5407300', 'SD', 'N', '020603', '020600', '020000'),
(628, 'SDN MAGUNG 04', 'Jl. Moch. Ramdan No. 103', '-7.0323000', '107.7262000', 'SD', 'N', '020813', '020800', '020000'),
(629, 'SD NEGERI SIMPANG 2', 'Kp. Pajagan Rt. 01 Rw. 03', '-7.1431000', '107.1685000', 'SD', 'N', '020710', '020700', '020000'),
(630, 'SMP Terpadu Azzahra', 'Kp.Cimapag RT 03/03 Desa Cidadap Kec.Campaka', '-6.7209000', '107.0903000', 'SMP', 'S', '020711', '020700', '020000'),
(631, 'SD N CIANGGER 02', 'Kp. Ciangger Rt 02 Rw 01 Desa Wargajaya', '-6.5392000', '106.5350000', 'SD', 'N', '020527', '020500', '020000'),
(632, 'SDN PADASUKA 01', 'Kp. Cikupa RT 01/01', '-7.0171666', '107.5174833', 'SD', 'N', '020833', '020800', '020000'),
(633, 'SD NEGERI CIJAMBU', 'Kp.tegalpanjang', '-6.9396000', '107.3507000', 'SD', 'N', '022306', '022300', '020000'),
(634, 'SD N CIKUDA 01', 'Kp. Cikuda Desa Bojongnangka', '-6.4419000', '106.8943000', 'SD', 'N', '020519', '020500', '020000'),
(635, 'SD DIAN KENCANA', 'Jl. BKR No. 167', '-6.9379000', '107.6084000', 'SD', 'S', '026006', '026000', '020000'),
(636, 'SD Terpadu Bojong Nangka', 'Jalan Bojongnangka', '-7.3293000', '108.2452000', 'SD', 'S', '026809', '026800', '020000'),
(637, 'SDN GOBANG', 'Kp. Gobang', '-6.6151000', '107.1687000', 'SD', 'N', '020536', '020500', '020000'),
(638, 'SLB TRI MEDYA', 'JL. PLTA Saguling Kp. Cijawa RT.04 RW.03', '-6.9489000', '107.3534000', 'SLB', 'S', '022306', '022300', '020000'),
(639, 'SDN 4 CISONTROL', 'Jl Martadinata Dusun Sindangjaya', '-7.1923000', '108.5075000', 'SD', 'N', '021418', '021400', '020000'),
(640, 'SLB BINA BHAKTI MANDIRI', 'JL. Raya Sumedang-Darmaraja KM 18 Dsn. Dustan Rt 03/04', '-6.8667000', '108.0345000', 'SLB', 'S', '021024', '021000', '020000'),
(641, 'SD NEGERI SINDANGLAYA 5', 'Jl. A. H. Nasution KM. 9 No. 15', '-6.9051000', '107.6806000', 'SD', 'N', '026030', '026000', '020000'),
(642, 'SD NEGERI 2 CIKUMPAY', 'Kp. Cikumpay Rt 12/04', '-6.4971000', '107.4916000', 'SD', 'N', '022011', '022000', '020000'),
(643, 'SMP Negeri 21 Tasikmalaya', 'Jl. Setiawargi - Tamansari - Tasikmalaya', '-7.4195000', '108.2473000', 'SMP', 'N', '026802', '026800', '020000'),
(644, 'SMP MANGGALA LELES', 'Leles', '-7.1251000', '107.9277000', 'SMP', 'S', '021124', '021100', '020000'),
(645, 'SD NEGERI BERDIKARI', 'Kp. Babakan Kadu', '-6.8762000', '107.1118000', 'SD', 'N', '020713', '020700', '020000'),
(646, 'SDN PANYIRAPAN 01', 'Jln. Panyirapan No. 74', '-7.0386183', '107.5227900', 'SD', 'N', '020819', '020800', '020000'),
(647, 'SD NEGERI PALASARI', 'Kp Geduk', '-6.7085000', '107.0354000', 'SD', 'N', '020731', '020700', '020000'),
(648, 'SD NEGERI BABAKAN CIPARAY 18', 'Jl. Kopo No. 440', '-6.9473000', '107.5889000', 'SD', 'N', '026002', '026000', '020000'),
(649, 'SD N LEUWINUTUG 03', 'Jl. Anyar Desa Leuwinutug', '-6.5153000', '106.8636000', 'SD', 'N', '020520', '020500', '020000'),
(650, 'SMP PLUS AL - GHONIYYAH SELAAWI', 'KP. CIKASO', '-7.0007420', '107.9837130', 'SMP', 'S', '021130', '021100', '020000'),
(651, 'SMP ISLAM CIPASUNG', 'Jln.KH.Ruhiat No 72 Cipasung', '-7.3509000', '108.1264000', 'SMP', 'S', '021219', '021200', '020000'),
(652, 'SD NEGERI KADUPANDAK 1', 'Kp. Balekambang', '-7.1510000', '107.0156000', 'SD', 'N', '020707', '020700', '020000'),
(653, 'SD NEGERI SINDANGSARI', 'Kp. Sindangsari Rt. 01 Rw. 02', '-7.1526000', '107.0097000', 'SD', 'N', '020708', '020700', '020000'),
(654, 'SD NEGERI PADAMULYA 1 PASIRWANGI', 'Kp. Ciwedang', '-7.2090000', '107.7840000', 'SD', 'N', '021136', '021100', '020000'),
(655, 'SD NEGERI 1 SEGONG', 'Jln. 11 April', '-7.0893000', '108.6487000', 'SD', 'N', '021524', '021500', '020000'),
(656, 'SDN BANTARKALONG', 'Kp. Bantarkalong', '-7.6598000', '108.0787000', 'SD', 'N', '021201', '021200', '020000'),
(657, 'SD NEGERI JATIBENING BARU IV', 'Jl. Jatiutama Komp. Jaibening II', '-6.2600000', '106.9342000', 'SD', 'N', '026501', '026500', '020000'),
(658, 'SDN BOJONGLOA 03', 'Jl. Raya Bandung - Garut KM. 21', '-6.9532400', '107.7656500', 'SD', 'N', '020811', '020800', '020000'),
(659, 'SD NEGERI BOJONGSOKA', 'Kp. Kadupugur', '-6.9467520', '106.6428100', 'SD', 'N', '020633', '020600', '020000'),
(660, 'SD YOS SUDARSO', 'Jl. Mohamad Toha No. 19', '-6.9304000', '107.6174000', 'SD', 'S', '026006', '026000', '020000'),
(661, 'SD N SITUKAUM', 'Jl Ciherang Tengah Rt 01/11', '-6.5895000', '106.7432000', 'SD', 'N', '020506', '020500', '020000'),
(662, 'SMP MUHAMMADIYAH 3', 'Jl. Raya Cipayung Rt 01/04 No.55', '-6.4211000', '106.7955000', 'SMP', 'S', '026607', '026600', '020000'),
(663, 'SMP NEGERI 2 SINDANGWANGI', 'Jalan Sunarsari No. 14 Blok Kamis RT. 12 RW. 5', '-6.7796000', '108.3598000', 'SMP', 'N', '021611', '021600', '020000'),
(664, 'SD NEGERI MARGA MULYA III', 'Jl. Perjuangan Teluk Buyung', '-6.2209000', '107.0029000', 'SD', 'N', '026507', '026500', '020000'),
(665, 'SMP NEGERI 3 MAJA', 'Jl. Cipicung No. 01', '-6.8944000', '108.2876000', 'SMP', 'N', '021606', '021600', '020000'),
(666, 'SD NEGERI TAMBUN 02', 'Jl.sultan Hasanudin Bel Koramil', '-6.2604000', '107.0611000', 'SD', 'N', '022216', '022200', '020000'),
(667, 'SMP NEGERI 21', 'Jl. Caringin Gg. Lumbung II', '-6.9456110', '107.5802000', 'SMP', 'N', '026002', '026000', '020000'),
(668, 'SD PASUNDAN GARUT KOTA', 'Jl. Pasundan No. 68', '-7.2250120', '107.9047000', 'SD', 'S', '021119', '021100', '020000'),
(669, 'SD NEGERI GANDAMEKAR 02', 'Kp. Mariuk Poncol', '-6.2891000', '107.0968000', 'SD', 'N', '022218', '022200', '020000'),
(670, 'SD NEGERI 1 JADIMULYA', 'Jalan Bantaran Rt 04/02 No 290', '-6.6896000', '108.5470000', 'SD', 'N', '021735', '021700', '020000'),
(671, 'SD N BABAKAN DRAMAGA 05', 'Cangkurawok Rt 04 /Rw 04', '-6.5569000', '106.7265000', 'SD', 'N', '020506', '020500', '020000'),
(672, 'SD NEGERI GUNUNGSARI IV', 'Jln. H. Nuridin Blok Bojong Kulon', '-6.5718000', '108.3325000', 'SD', 'N', '021827', '021800', '020000'),
(673, 'SD NEGERI PAGELARAN III', 'Jl. Lingkar 1 Pagelaran', '-7.2056000', '107.1466000', 'SD', 'N', '020710', '020700', '020000'),
(674, 'SMP PLUS ANWARUL HUDA', 'Kp Barukai', '-7.2209000', '107.7728000', 'SMP', 'S', '021136', '021100', '020000'),
(675, 'SD NEGERI NEGLASARI', 'NEGLASARI KEC. LENGKONG', '-7.1343160', '106.7442650', 'SD', 'N', '020610', '020600', '020000'),
(676, 'SD NEGERI GURUDUG', 'Kp. Impres Rt/rw 03/01', '-6.5875000', '107.5102000', 'SD', 'N', '022017', '022000', '020000'),
(677, 'SDN 2 BANYURASA', 'Kp. Selaawi', '-7.2236000', '108.1591000', 'SD', 'N', '021240', '021200', '020000'),
(678, 'SD NEGERI WANAKERTA', 'Dusun Gardu', '-6.4944000', '107.6776000', 'SD', 'N', '021912', '021900', '020000'),
(679, 'SMKS KRISTEN BPK PENABUR SUKABUMI', 'JL. R. SYAMSUDIN S.H., NO. 60 SUKABUMI', '-6.9185000', '106.9357000', 'SMK', 'S', '026205', '026200', '020000'),
(680, 'SMK PUTRA INDONESIA', 'Jl. Ir. H. Juanda No. 36 Blk Cikuya Kec. Cicalengka Kabupaten Bandung', '-6.9841000', '107.8329000', 'SMK', 'S', '020810', '020800', '020000'),
(681, 'SMK BANDUNG TIMUR', 'JL. RAYA CINUNUK KM. 16 NO. 172 CILEUNYI', '-6.9387000', '107.7327000', 'SMK', 'S', '020824', '020800', '020000'),
(682, 'SMP PGRI 3', 'Jl. Sukabumi Dalam No. 4', '-6.9160860', '107.6353310', 'SMP', 'S', '026016', '026000', '020000'),
(683, 'SD NEGERI CITARINGGUL 03', 'Kp Cipambuan Rt 01/rw 03', '-6.5549000', '106.8447000', 'SD', 'N', '020514', '020500', '020000'),
(684, 'SD NEGERI DR SATIMAN', 'Jl KH Agus Salim No 1', '-6.5684000', '107.7566000', 'SD', 'N', '021907', '021900', '020000'),
(685, 'SMP NEGERI 2 TALAGA', 'Jl. Raya Desa Lampuyang No. 21', '-6.9925000', '108.2901000', 'SMP', 'N', '021604', '021600', '020000'),
(686, 'SD NEGERI CISARANDI 2', 'Kp. Lemburtengah', '-6.8930000', '107.0992000', 'SD', 'N', '020713', '020700', '020000'),
(687, 'SD NEGERI 3 CIUDIAN', 'Kp. Samping Kilir RT.02 RW.02', '-7.4569000', '107.8950000', 'SD', 'N', '021111', '021100', '020000'),
(688, 'SD NEGERI CIMUNCANG I', 'Babakan', '-7.0557000', '108.2604000', 'SD', 'N', '021624', '021600', '020000'),
(689, 'SD NEGERI BABAKANJATI 2', 'Jl. H. Basuki No.159', '-6.9438000', '107.6412000', 'SD', 'N', '026016', '026000', '020000'),
(690, 'SMKN 2 BOGOR', 'JL. PANGERAN SOGIRI NO. 404 TANAH BARU BOGOR', '-6.5528000', '106.8251000', 'SMK', 'N', '026103', '026100', '020000'),
(691, 'SMKS MUHAMMADIYAH MAJALENGKA', 'JL. PANGERAN MUHAMMAD', '-6.8053000', '108.2906000', 'SMK', 'S', '021609', '021600', '020000'),
(692, 'SMAS AL-IRSYAD SATYA', 'Jl. Raya Parahyangan KM 2,7 Kota Baru Parahyangan', '-6.8642000', '107.4772000', 'SMA', 'S', '022309', '022300', '020000'),
(693, 'SMA MUHAMMADIYAH 9 BEKASI', 'JL. KI MANGUN SARKORO NO. 45', '-6.2369000', '107.0076000', 'SMA', 'S', '026504', '026500', '020000'),
(694, 'SMAS CIPTA MANDIRI CISARUA', 'JL. DESA CIPADA  CISARUA', '-6.7763000', '107.5206000', 'SMA', 'S', '022313', '022300', '020000'),
(695, 'SMK TI GARUDA NUSANTARA', 'JL. SANGKURIANG NO. 30 Kota Cimahi', '-6.8671000', '107.5371000', 'SMK', 'S', '026703', '026700', '020000'),
(696, 'SMKN 1 SUMEDANG', 'MAYOR ABDURAKHMAN NO. 209', '-6.8376000', '107.9274000', 'SMK', 'N', '021006', '021000', '020000'),
(697, 'SMA PGRI BANTARGADUNG', 'Jl. Pasirsuren - Bojongsoka', '-6.9867000', '106.6850000', 'SMA', 'S', '020633', '020600', '020000'),
(698, 'SD NEGERI 10 CIBADAK', 'Kp. Permen', '-6.9046670', '106.7837100', 'SD', 'N', '020621', '020600', '020000'),
(699, 'SD NEGERI TANJUNGSARI II', 'Jl. Raya Tanjungsari Blok Balai Desa', '-6.4770000', '108.4365000', 'SD', 'N', '021810', '021800', '020000'),
(700, 'SDN CIBURIAL 03', 'Jl. Ciburial Indah No. 26', '-6.8572000', '107.6389000', 'SD', 'N', '020826', '020800', '020000'),
(701, 'SD NEGERI KRANJI XVI', 'Jl. Pemuda No.1', '-6.2297000', '106.9762000', 'SD', 'N', '026506', '026500', '020000'),
(702, 'SD NEGERI SUKAKERTA', 'Kp Pangaduan', '-6.8845000', '107.1463000', 'SD', 'N', '020708', '020700', '020000'),
(703, 'SD NEGERI PASANGGRAHAN I', 'Pasanggrahan', '-6.8820000', '108.2884000', 'SD', 'N', '021606', '021600', '020000'),
(704, 'SD NEGERI SINARSALUYU', 'Kp. Cipeundeuy, RT 02 RW 04', '-6.8764000', '107.4885000', 'SD', 'N', '022316', '022300', '020000'),
(705, 'SD NEGERI SUKAMURNI 3 CILAWU', 'Kp. Sumurkondang', '-7.2961000', '107.8800000', 'SD', 'N', '021114', '021100', '020000'),
(706, 'SMK BINA TUNGGAL MURANDIKA PUTRA BEKASI', 'JL RAYA H WAHAB AFFAN NO.1 PONDOK UNGGU', '-6.2097000', '106.9774000', 'SMK', 'S', '026509', '026500', '020000'),
(707, 'SMK PERINTIS 1 DEPOK', 'JL Siliwangi No. 39 Pancoran Mas Depok', '-6.4002000', '106.8254000', 'SMK', 'S', '026602', '026600', '020000'),
(708, 'SMKS PGRI KARANGAMPEL', 'RAYA BARAT KARANGAMPEL', '-6.4504000', '108.4350000', 'SMK', 'S', '021810', '021800', '020000'),
(709, 'SD NEGERI CIGADUNG', 'Jl Mt Haryono No. 71', '-6.5631000', '107.7525000', 'SD', 'N', '021907', '021900', '020000'),
(710, 'SD NEGERI SETIA JAYA', 'Cikur', '-6.5227000', '107.8640000', 'SD', 'N', '021915', '021900', '020000'),
(711, 'SDN TUNAS MEKAR', 'Jalan Tunas Mekar', '-6.4571000', '106.7339000', 'SD', 'N', '020524', '020500', '020000'),
(712, 'SD AL-KINDI ISLAMIC EXCELLENT', 'Jl Mesjid No 6 Baleendah', '-7.2019100', '107.8915050', 'SD', 'S', '021140', '021100', '020000'),
(713, 'SMPN 2 MARGAASIH', 'Jln. Galur H.Aen Suhendra Kp. Jati  RT 02 RW 11', '-6.9445000', '107.5396000', 'SMP', 'N', '020820', '020800', '020000'),
(714, 'SMP MA ARIF CICALENGKA', 'Jl. Ciayunan No 33 Rt 01/05 Cicalengka', '-6.9871660', '107.8419430', 'SMP', 'S', '020810', '020800', '020000'),
(715, 'SDN SAYANG', 'Kp. Sayang', '-7.0780000', '107.7514000', 'SD', 'N', '020807', '020800', '020000'),
(716, 'SDN GADOG 01', 'JALAN RAYA PUNCAK GADOG', '-6.6549000', '106.8624000', 'SD', 'N', '020512', '020500', '020000'),
(717, 'SMP SMART CIBINONG', 'Jl. Raya Narogong Cileungsi', '-6.4544000', '106.9326000', 'SMP', 'S', '020533', '020500', '020000'),
(718, 'SD NEGERI CIBUNTU 01', 'Jalan Raya Setu', '-6.2776000', '107.0755000', 'SD', 'N', '022207', '022200', '020000'),
(719, 'SD NEGERI SUKARAMA', 'KP CIKADU', '-7.1622000', '107.1235000', 'SD', 'N', '020709', '020700', '020000'),
(720, 'SD NEGERI SUKAJADI 8', 'Jl. Karang Tineung No. 5 A', '-6.8833000', '107.5946000', 'SD', 'N', '026024', '026000', '020000'),
(721, 'SD NEGERI SUKAWENING', 'Kp. Sukawening Ds. Sukamekar', '-7.0882000', '107.1409000', 'SD', 'N', '020709', '020700', '020000'),
(722, 'SD NEGERI 2 GINTUNGLOR', 'Ki Raga Sirna', '-6.6313000', '108.3551000', 'SD', 'N', '021722', '021700', '020000'),
(723, 'SD NEGERI TANJAKAN II', 'Jl. Habib Keling Blok. Kandang Eling', '-6.4669000', '108.4917000', 'SD', 'N', '021809', '021800', '020000'),
(724, 'SDN SADAKEMBANG', 'Kp. Sadakembang', '-7.6591000', '107.9839000', 'SD', 'N', '021201', '021200', '020000'),
(725, 'SD. ISLAM PLUS AS-SA ADATAIN', 'JL.PINTU AIR III RT. 28/08 NO. 98', '-6.3289433', '106.7961467', 'SD', 'S', '026609', '026600', '020000'),
(726, 'SD NEGERI KEDUNGKRISIK', 'Jln. Karya Bakti Rt. 01 Rw. 05', '-6.7843000', '108.5490000', 'SD', 'N', '026301', '026300', '020000'),
(727, 'SDN BOJONG 03', 'Kp. Bojong Rt 02/02', '-7.0247000', '107.8622000', 'SD', 'N', '020830', '020800', '020000'),
(728, 'SD NEGERI BOJONG RAWALUMBU VI', 'Jl. Bojong Indah Permai', '-6.2796000', '107.0052000', 'SD', 'N', '026510', '026500', '020000'),
(729, 'SD N SUKAMAKMUR', 'Jln Ciapus Sukamakmur Rt 02/02', '-6.6102000', '106.7534000', 'SD', 'N', '020507', '020500', '020000'),
(730, 'SD N GUNUNGPUTRI 03', 'Jl. Raya Gunungputri', '-6.4514000', '106.8923000', 'SD', 'N', '020519', '020500', '020000'),
(731, 'SD NEGERI KEBON PELOK', 'Jln. Pramuka', '-6.7614000', '108.5467000', 'SD', 'N', '026301', '026300', '020000'),
(732, 'SDN 3 CIGADOG', 'Kp. Pencut', '-7.3068000', '108.0960000', 'SD', 'N', '021221', '021200', '020000'),
(733, 'SD NEGERI SITUGUNTING 4', 'Jl. H. Zakaria No. 56', '-6.9335000', '107.5847000', 'SD', 'N', '026002', '026000', '020000'),
(734, 'SDN PUCUNG I', 'Jl. Mashudi', '-6.3482000', '107.4764000', 'SD', 'N', '022125', '022100', '020000'),
(735, 'SDN 2 SUKARATU', 'Kp. Cihanjuang Desa sukaratu Kecamatan Sukaresik', '-7.1561000', '108.1898000', 'SD', 'N', '021242', '021200', '020000'),
(736, 'SD NEGERI 9 NAGRI KALER', 'Gg.beringin', '-6.5358000', '107.4481000', 'SD', 'N', '022010', '022000', '020000'),
(737, 'SD NEGERI HARIANG', 'Dusun Hariang', '-6.7118000', '107.9141000', 'SD', 'N', '021018', '021000', '020000'),
(738, 'SD NEGERI PAMANUKAN III', 'Pamanukan', '-6.5508000', '107.8017000', 'SD', 'N', '021919', '021900', '020000'),
(739, 'SD NEGERI 1 WILANAGARA', 'Dusun Kaliwon', '-7.0356000', '108.6244000', 'SD', 'N', '021508', '021500', '020000'),
(740, 'SMP ISLAM TERPADU PESANTREN NURURRAHMAN', 'Jl Sawangan Raya Km. 02 No. 11', '-6.3964037', '106.8034245', 'SMP', 'S', '026602', '026600', '020000'),
(741, 'SMP TASHFIA', 'Jl.Ratna No. 82 Kampung Cikunir Rt.02/08 Kota Bekasi 17421', '-6.2615000', '106.9509000', 'SMP', 'S', '026502', '026500', '020000'),
(742, 'SD ISLAM ASSURYANIYAH', 'Jl Setu - Bantar Gebang Rt.03/04 Cimuning', '-6.3083000', '107.0392000', 'SD', 'S', '026511', '026500', '020000'),
(743, 'SDN 1 TANJUNGMULYA', 'Dusun Cibeureum', '-7.1507000', '108.2153000', 'SD', 'N', '021430', '021400', '020000'),
(744, 'SD N SINGAJAYA 04', 'Kp. Rawa Mamur RT 02 RW 02', '-6.4681000', '107.0557000', 'SD', 'N', '020517', '020500', '020000'),
(745, 'SD NEGERI CILEUNGSI 08', 'Jl Bj Kaso Kp Rawa Putat', '-6.4090000', '106.9576000', 'SD', 'N', '020518', '020500', '020000'),
(746, 'SDN PALAWIJA', 'Kp.  Palawija', '-7.5588000', '108.2537000', 'SD', 'N', '021205', '021200', '020000'),
(747, 'SD NEGERI TEGALPANJANG', 'Kp.Sirnajaya', '-7.2733000', '107.1401000', 'SD', 'N', '020706', '020700', '020000'),
(748, 'SMP SAPTA MARGA CIBINONG', 'Jl.mesjid Al-baaliyah Kb.kopi', '-6.4690000', '106.8473000', 'SMP', 'S', '020521', '020500', '020000'),
(749, 'SMP IT AL-QOHHARIYYAH GUNUNGHALU', 'JL. CIBODAS RT.01/14', '-7.0178000', '107.2510000', 'SMP', 'S', '022302', '022300', '020000'),
(750, 'SD IT AL URWATUL WUTSQO', 'Jl. Sempurna No. 32', '-6.3411000', '108.3151000', 'SD', 'S', '021816', '021800', '020000'),
(751, 'SMP ISLAM AL-FADLILLAH', 'Kp. Menol RT.005 RW.002', '-7.6101425', '107.9466725', 'SMP', 'S', '021201', '021200', '020000'),
(752, 'SD NEGERI HEGARMANAH', 'KP. HEGARMANAH', '-7.0513000', '107.3958000', 'SD', 'N', '022303', '022300', '020000'),
(753, 'SD NEGERI BOJONGMANGU 02', 'Kp Jegang 01/01', '-6.4411000', '107.1934000', 'SD', 'N', '022223', '022200', '020000'),
(754, 'SMP NEGERI 3 WALURAN SATU ATAP', 'Kp. CIbinong', '-7.1843550', '106.5994940', 'SMP', 'N', '020645', '020600', '020000'),
(755, 'SMP YAMISA SOREANG', 'Jl. Cidalima No. 8', '-7.0256983', '107.5174317', 'SMP', 'S', '020819', '020800', '020000'),
(756, 'SD NEGERI 2 KADUGEDE', 'Jl. Syech Manglayang No. 47 Desa Kadugede Kode Pos 45561', '-7.0053000', '108.4505000', 'SD', 'N', '021502', '021500', '020000'),
(757, 'SMP NEGERI 2 CIDADAP', 'Jl. Banjarsari No. 15', '-7.2825590', '106.9492870', 'SMP', 'N', '020637', '020600', '020000'),
(758, 'SD NEGERI SINDANG II', 'Jl. Marngali', '-6.3022000', '108.2962000', 'SD', 'N', '021816', '021800', '020000'),
(759, 'SMP NEGERI 1 BANTARUJEG', 'Jl.lapang Olahraga', '-6.9648000', '108.2370000', 'SMP', 'N', '021602', '021600', '020000'),
(760, 'SD NEGERI PUSAKA MEKAR', 'Kp. Pulo Benda Cihambulu', '-6.4322000', '107.5423000', 'SD', 'N', '021910', '021900', '020000'),
(761, 'SMP IT FITHRAH INSANI', 'JL. LASWI NO. 177 A', '-7.0157240', '107.6484650', 'SMP', 'S', '020814', '020800', '020000'),
(762, 'SDN BURUJULJAYA', 'Kp. Burujul', '-7.6058000', '108.2211000', 'SD', 'N', '021206', '021200', '020000'),
(763, 'SD NEGERI LEGOK I', 'Jln. Raya Legok Lohbener', '-6.4240000', '108.2831000', 'SD', 'N', '021817', '021800', '020000'),
(764, 'SD NEGERI BULUPAYUNG 02', 'Jl Tambangan RT 04 RW 02', '-7.5968000', '109.1288170', 'SD', 'N', '030115', '030100', '030000'),
(765, 'SMP NEGERI 2 PURWOREJO KLAMPOK', 'Jln. Jend. A. Yani No. 16', '-7.4591000', '109.4377000', 'SMP', 'N', '030402', '030400', '030000'),
(766, 'SD NEGERI 01 KARANGSARI', 'Jl.Raya Karanganyar', '-7.0323000', '109.6064000', 'SD', 'N', '032607', '032600', '030000'),
(767, 'SD NEGERI 01 PANTIREJO', 'Jl. Raya Pantirejo No.2', '-7.0372000', '109.4878000', 'SD', 'N', '032609', '032600', '030000'),
(768, 'SD NEGERI KRIKILAN 1', 'Krikilan', '-7.4626000', '110.9532000', 'SD', 'N', '031403', '031400', '030000'),
(769, 'SD N 01 SURUHKALANG', 'Tuwuhan', '-7.6136000', '110.9214000', 'SD', 'N', '031311', '031300', '030000'),
(770, 'SD NEGERI 2 KETILENGSINGOLELO', 'Ketilengsingolelo', '-6.7739000', '110.7290000', 'SD', 'N', '032003', '032000', '030000'),
(771, 'SD NEGERI KUPU 02', 'Desa Kupu', '-6.9085770', '109.1035190', 'SD', 'N', '032813', '032800', '030000'),
(772, 'SD N 2 PAGERUYUNG', 'Jl. Gondang', '-7.0512000', '110.0342000', 'SD', 'N', '032403', '032400', '030000'),
(773, 'SD NEGERI 2 BAREPAN', 'SEPI, BAREPAN, CAWAS', '-7.7653700', '110.7165640', 'SD', 'N', '031005', '031000', '030000'),
(774, 'SD NEGERI 1 MAJEGAN', 'Klegokan', '-7.6114000', '110.6131000', 'SD', 'N', '031021', '031000', '030000'),
(775, 'SMP NEGERI 2 NOGOSARI', 'Mangurejo', '-7.4756000', '110.7583000', 'SMP', 'N', '030912', '030900', '030000'),
(776, 'SD NEGERI PLOSOKEREP 1', 'Plosokerep', '-7.4617000', '111.0040000', 'SD', 'N', '031409', '031400', '030000'),
(777, 'SMP NEGERI 1 PEGANDON', 'Jl. Raya Pegandon Kendal', '-6.9841000', '110.1006000', 'SMP', 'N', '032410', '032400', '030000'),
(778, 'SD NEGERI CEBOLEK 02', 'Jl Ki Cebolang', '-6.5985000', '111.0663000', 'SD', 'N', '031817', '031800', '030000'),
(779, 'SD N 02 SRINGIN', 'Kepuh', '-7.6492470', '111.0246530', 'SD', 'N', '031304', '031300', '030000'),
(780, 'SD NEGERI 02 KARANGTALUN', 'Sd Negeri 02 Karangtalun', '-7.6889000', '110.7522000', 'SD', 'N', '031015', '031000', '030000');
INSERT INTO `sekolah` (`id`, `nama`, `alamat`, `latitude`, `longitude`, `jenjang`, `status`, `kode_kecamatan`, `kode_kabupaten`, `kode_provinsi`) VALUES
(781, 'SD MUHAMMADIYAH', 'Jl. Lapangan Olah Raga No. 60', '-7.0823000', '109.3389000', 'SD', 'S', '032707', '032700', '030000'),
(782, 'SD NEGERI BOTOLAMBAT 01', 'DK. GEMBRUNGAN', '-6.9582000', '109.7732000', 'SD', 'N', '032515', '032500', '030000'),
(783, 'SD N 1 WONODADI', 'Ngreboh', '-7.8092000', '110.9145000', 'SD', 'N', '031201', '031200', '030000'),
(784, 'SD N KLEGO 2', 'Klego', '-7.3542000', '110.6949000', 'SD', 'N', '030915', '030900', '030000'),
(785, 'SD NEGERI TEGALSARI 02', 'Jl. Kenanga No.25', '-7.4781000', '108.7711000', 'SD', 'N', '030107', '030100', '030000'),
(786, 'SD NEGERI 6 KLAMPOK', 'Klampok', '-7.4562000', '109.4396000', 'SD', 'N', '030402', '030400', '030000'),
(787, 'SD NEGERI SARWADADI 02', 'Jl. Raya Sarwadadi', '-7.5564000', '108.9172000', 'SD', 'N', '030112', '030100', '030000'),
(788, 'SD NEGERI 1 DUKUH', 'Kalinampu', '-7.7894360', '110.6654660', 'SD', 'N', '031004', '031000', '030000'),
(789, 'SD NEGERI JAMBANGAN 1', 'Tirip,jambangan,mondokan', '-7.3194000', '110.9402000', 'SD', 'N', '031416', '031400', '030000'),
(790, 'SD NEGERI 1 BOJONEGORO', 'Bojonegoro', '-7.2409000', '110.1281000', 'SD', 'N', '032309', '032300', '030000'),
(791, 'SDN 2 PLOSOREJO', 'PLOSOREJO', '-7.0835000', '111.2349000', 'SD', 'N', '031615', '031600', '030000'),
(792, 'SD NEGERI SIDOREJO KIDUL 01', 'Jl. Mardi Utomo 2 A', '-7.3362000', '110.5159000', 'SD', 'N', '036202', '036200', '030000'),
(793, 'SD NEGERI PENGADEGAN', 'Jl. Balekambang No. 01', '-7.2779000', '108.7798000', 'SD', 'N', '030103', '030100', '030000'),
(794, 'SD NEGERI 2 PEJOGOL', 'Desa Pejogol Rt 05/03', '-7.4319000', '109.1719000', 'SD', 'N', '030217', '030200', '030000'),
(795, 'SMP KATOLIK ADI SUCIPTO', 'Jl.a.yani No 19 A', '-6.9683000', '111.4226000', 'SMP', 'S', '031610', '031600', '030000'),
(796, 'SD NEGERI KALILANGKAP 03', 'JL. KH. Syarif RT.01 RW.05', '-7.2458000', '108.9782000', 'SD', 'N', '032903', '032900', '030000'),
(797, 'SD NEGERI 3 Sengonwetan', 'Ds. Sengonwetan', '-7.1247000', '111.1788000', 'SD', 'N', '031507', '031500', '030000'),
(798, 'SD NEGERI 1 KLAMPOK', 'Jln. Raya Timur No. 252', '-7.4587000', '109.4448000', 'SD', 'N', '030402', '030400', '030000'),
(799, 'SD N 1 PUSPORENGGO', 'JL. BOYOLALI-MUSUK KM 2', '-7.5392000', '110.5453000', 'SD', 'N', '030904', '030900', '030000'),
(800, 'SDN 2 PAMIJEN', 'Jl. Tonjong', '-7.4466000', '109.2861000', 'SD', 'N', '030223', '030200', '030000'),
(801, 'SD NEGERI 2 GONDANG', 'Jl. Raya Gondang-Sirandu No. 27', '-7.2190000', '109.3473000', 'SD', 'N', '030313', '030300', '030000'),
(802, 'SD N 2 BOJONG', 'Jl. Kompi Markas Yonif 406 Ck', '-7.4169330', '109.3749000', 'SD', 'N', '030306', '030300', '030000'),
(803, 'SD NEGERI PONOWARENG 01', 'Jalan Wonojoyo', '-6.9186000', '109.8222000', 'SD', 'N', '032510', '032500', '030000'),
(804, 'SD KANISIUS LODOYONG', 'JL. BRIGJEN SUDIARTO 81', '-7.2640000', '110.4057000', 'SD', 'S', '032210', '032200', '030000'),
(805, 'SDN 2 SONOKULON', 'DUKUH SORONINI', '-6.9684000', '111.1580000', 'SD', 'N', '031616', '031600', '030000'),
(806, 'SDN 2 TEMPUREJO', 'Dk Gulingan', '-6.9571000', '111.4405000', 'SD', 'N', '031610', '031600', '030000'),
(807, 'SD NEGERI 1 BOCOR', 'JL. KEJAYAN', '-7.7558000', '109.6778000', 'SD', 'N', '030506', '030500', '030000'),
(808, 'SD 3 TERBAN', 'Terban Rt 05 Rw 05', '-6.7936000', '110.9396000', 'SD', 'N', '031906', '031900', '030000'),
(809, 'SD NEGERI 12 KARANGGONDANG', 'Jl. Kemangi - Kedungmulyo, RT. 01, RW. 07', '-6.5234000', '110.7210000', 'SD', 'N', '032009', '032000', '030000'),
(810, 'SD NEGERI MAITAN 02', 'Jln.Tambakromo-Maitan Km 12', '-6.9677000', '111.0714000', 'SD', 'N', '031803', '031800', '030000'),
(811, 'SDS MUHAMMADIYAH TEMPURAN', 'JL. RAYA MAGELANG PURWOREJO KM. 10', '-7.5322000', '110.1841000', 'SD', 'S', '030812', '030800', '030000'),
(812, 'SMP KANSIUS GIRISONTA', 'Jl. Soekarno - Hatta, Karangjati Bergas', '-7.1756000', '110.4544000', 'SMP', 'S', '032214', '032200', '030000'),
(813, 'SD WANGKELANG 2', 'JL.KRAJAN I Rt.02/01 Wangkelang', '-7.0995000', '109.2873000', 'SD', 'N', '032701', '032700', '030000'),
(814, 'SD N 1 WADAS', 'Dusun Jambangan', '-7.1033000', '109.9716000', 'SD', 'N', '032401', '032400', '030000'),
(815, 'SD NEGERI 2 KARANG KENDAL', 'Taman Sari', '-7.5782000', '110.5456000', 'SD', 'N', '030904', '030900', '030000'),
(816, 'SD NEGERI 2 LUNDONG', 'Dk. Krajan', '-7.7120700', '109.7226000', 'SD', 'N', '030510', '030500', '030000'),
(817, 'SD NEGERI 1 MOJOPURO', 'Mojopuro Kulon', '-7.9446000', '110.8513000', 'SD', 'N', '031211', '031200', '030000'),
(818, 'SDN 2 SAMBONG', 'Jl. Ledok KM.1,5 RT.009 RW.001', '-7.0814000', '111.5473000', 'SD', 'N', '031606', '031600', '030000'),
(819, 'SD NEGERI TEGALOMBO 1', 'Tegalombo', '-7.4244000', '110.8312000', 'SD', 'N', '031401', '031400', '030000'),
(820, 'SD NEGERI GEDANGANAK 01', 'Jl. Jendral Sudirman No.9 Ungaran', '-7.1540000', '110.4104000', 'SD', 'N', '032220', '032200', '030000'),
(821, 'SMP NASIMA', 'Trilomba Juang No 1 Semarang', '-7.0019000', '110.4185000', 'SMP', 'S', '036305', '036300', '030000'),
(822, 'SD NEGERI SENDANGMULYO 04', 'Jl Klipang Raya', '-7.0335740', '110.4503000', 'SD', 'N', '036307', '036300', '030000'),
(823, 'SMP DARUSSALAM CIMANGGU', 'Jln. Raya Bantarmangu Kec. Cimanggu', '-7.3436000', '108.8104000', 'SMP', 'S', '030104', '030100', '030000'),
(824, 'SD NEGERI KECIL KASIMPAR', 'Jl.  Raya Kasimpar No 266, Petungkriyono', '-7.1394000', '109.7405000', 'SD', 'N', '032604', '032600', '030000'),
(825, 'SDN SENDANGREJO', 'Sendangrejo', '-7.0179000', '111.3160000', 'SD', 'N', '031614', '031600', '030000'),
(826, 'SD NEGERI 03 KENDALSARI', 'JL. DESA KENDALSARI RT 04 RW 04', '-6.9400000', '109.4677000', 'SD', 'N', '032710', '032700', '030000'),
(827, 'SD IT HIDAYATULLAH', 'Dk. Sirayu Kel. Jatirejo Kec. Gunungpati', '-7.0669000', '110.4144000', 'SD', 'S', '036302', '036300', '030000'),
(828, 'SD NEGERI RUKEM', 'Jl Sulang Pamotan Km 03', '-6.8040000', '111.4135000', 'SD', 'N', '031708', '031700', '030000'),
(829, 'SD NEGERI 1 LENGKONG', 'Jl. Lingkar Utara Km 4', '-7.2952000', '109.9467000', 'SD', 'N', '030712', '030700', '030000'),
(830, 'SD NEGERI PANDANARUM', 'Desa Pandanarum Rt 2 Rw 1', '-6.9313000', '109.6399000', 'SD', 'N', '032615', '032600', '030000'),
(831, 'SD NEGERI SIDAMUKTI 04', 'Jl. Jend. Sudirman No. 19', '-7.6261000', '108.7661000', 'SD', 'N', '030109', '030100', '030000'),
(832, 'SD NEGERI KEBONMANIS 01', 'Jl   Setia Budi No 19', '-7.6856000', '109.0253000', 'SD', 'N', '030124', '030100', '030000'),
(833, 'SD NEGERI KROYOLOR', 'Kroyolor', '-7.6506000', '109.9204000', 'SD', 'N', '030612', '030600', '030000'),
(834, 'SD N Semanggi Kidul', 'Semanggi Rt. 02/Rw.11', '-7.5870000', '110.8330000', 'SD', 'N', '036103', '036100', '030000'),
(835, 'SD NEGERI SIDANEGARA 11', 'Jl Dr Soetomo 103', '-7.6932000', '109.0081000', 'SD', 'N', '030123', '030100', '030000'),
(836, 'SMP TAMIRUL ISLAM', 'Jl. Dr. Wahidin No.5', '-7.5696340', '110.8044630', 'SMP', 'S', '036101', '036100', '030000'),
(837, 'SD NEGERI WATUPAYUNG', 'Desa Watupayung', '-6.9971000', '109.5223000', 'SD', 'N', '032609', '032600', '030000'),
(838, 'SD NEGERI MADURETNO', 'Rt. 04 Rw. 01', '-7.7604000', '109.6547000', 'SD', 'N', '030506', '030500', '030000'),
(839, 'SD NEGERI KEDUNGBOKOR 04', 'Jl. Pramuka No. 56 Kedungbokor', '-7.0468000', '108.9615000', 'SD', 'N', '032907', '032900', '030000'),
(840, 'SD NEGERI DORENG 2', 'Jln. Doreng - Demak Km.12 Wonosalam', '-6.9678000', '110.6816000', 'SD', 'N', '032108', '032100', '030000'),
(841, 'SD NEGERI 2 SIDOHARUM', 'Kebonan', '-7.5551000', '109.4870000', 'SD', 'N', '030518', '030500', '030000'),
(842, 'SDN 3 PERNASIDI', 'Pernasidi', '-7.3999000', '109.1381000', 'SD', 'N', '030217', '030200', '030000'),
(843, 'SMP NEGERI 5 KLATEN', 'Jomboran', '-7.7252770', '110.6178000', 'SMP', 'N', '031025', '031000', '030000'),
(844, 'SMP NEGERI 2 SIDOHARJO', 'Pohgede', '-7.8436000', '111.0600000', 'SMP', 'N', '031216', '031200', '030000'),
(845, 'SD NEGERI  MOJOROTO', 'mojosari 02/02', '-7.8335000', '111.1532000', 'SD', 'N', '031222', '031200', '030000'),
(846, 'SD N SUMBERAGUNG 1', 'Dukuh Getas', '-7.3705000', '110.7398000', 'SD', 'N', '030915', '030900', '030000'),
(847, 'SD NEGERI BLIGO', 'Bligo', '-6.9400000', '109.6579000', 'SD', 'N', '032614', '032600', '030000'),
(848, 'SD NEGERI 1 KARANGREJO', 'Karangrejo, Petanahan', '-7.7360000', '109.5948000', 'SD', 'N', '030504', '030500', '030000'),
(849, 'Sekolah Khusus Autisme Bina Anggita Kota Magelang', 'Eks. SD Potrobangsan V, Potrobangsan I RT.01 RW.IV, Magelang Utara', '-7.4634480', '110.2181130', 'SLB', 'S', '036002', '036000', '030000'),
(850, 'SD NEGERI 3 NGARAP-ARAP', 'Jl Undaan RT 05 RW 01 Dusun Kagok Desa Ngarap arap Kec Ngaringan', '-7.0719000', '111.2143000', 'SD', 'N', '031509', '031500', '030000'),
(851, 'SD NEGERI 1 SEKARSARI', 'DESA SEKARSARI', '-6.7792000', '111.2539000', 'SD', 'N', '031701', '031700', '030000'),
(852, 'SD NEGERI 4 RINGINPITU', 'Dsn. Karanggetas Ds. Ringinpitu Kec. Tanggungharjo', '-7.1233000', '110.6072000', 'SD', 'N', '031519', '031500', '030000'),
(853, 'SD NEGERI 1 BULUREJO', 'Bulurejo', '-7.6500000', '110.7317000', 'SD', 'N', '031016', '031000', '030000'),
(854, 'SD N 2 KRAJAN', 'Jalan Gununganyar', '-7.3092000', '109.1040000', 'SD', 'N', '030216', '030200', '030000'),
(855, 'SD N 1 JATIPURNO', 'Kuryo, Rt 1 Rw 1', '-7.7966000', '111.1363000', 'SD', 'N', '031223', '031200', '030000'),
(856, 'SMP MUHAMMADIYAH SAPURAN', 'Jl. Suropati', '-7.4615000', '109.9623000', 'SMP', 'S', '030703', '030700', '030000'),
(857, 'SMP 10 NOPEMBER BINANGUN', 'Jl. Jetis Km 39', '-7.6937000', '109.3038000', 'SMP', 'S', '030120', '030100', '030000'),
(858, 'SD NEGERI BAKALAN 03', 'Madyorejo Rt. 01 / III', '-7.6313000', '110.9087000', 'SD', 'N', '031107', '031100', '030000'),
(859, 'SD NEGERI KEDONDONG', 'Kedondong', '-7.8291000', '109.9787000', 'SD', 'N', '030602', '030600', '030000'),
(860, 'SMP NEGERI 1 KLEGO', 'Jlegong', '-7.3577000', '110.7118000', 'SMP', 'N', '030915', '030900', '030000'),
(861, 'SD NEGERI 2 KALIKOTES', 'Kalikotes', '-7.7209030', '110.6275140', 'SD', 'N', '031007', '031000', '030000'),
(862, 'SD NEGERI KEMURANGWETAN 04', 'Jalan Apel RT 06 RW 03', '-6.8845000', '108.8876000', 'SD', 'N', '032911', '032900', '030000'),
(863, 'SD NEGERI BLUBUK 01', 'Jl.g Slamet No.16', '-6.9706217', '109.0888050', 'SD', 'N', '032811', '032800', '030000'),
(864, 'SD NEGERI 3 BANCARKEMBAR', 'Jl. Ringin Tirto No. 742', '-7.4098767', '109.2412067', 'SD', 'N', '030227', '030200', '030000'),
(865, 'SD NEGERI PENAWANGAN 02', 'Secang RT 03, RW 01', '-7.1342000', '110.5058000', 'SD', 'N', '032213', '032200', '030000'),
(866, 'SD NEGERI SIDOREJO LOR 05', 'Jl. Diponegoro 134 B', '-7.3108917', '110.4915117', 'SD', 'N', '036204', '036200', '030000'),
(867, 'SD NEGERI BINANGUN 01', 'Binangun', '-7.0616000', '109.8189000', 'SD', 'N', '032502', '032500', '030000'),
(868, 'SD NEGERI REJOSARI 1 MIJEN', 'Rejosari', '-6.8012000', '110.6986000', 'SD', 'N', '032112', '032100', '030000'),
(869, 'SMP Islam Nurussalam Al-Khoir', 'Ngasemrejo, Triyagan, Mojolaban', '-7.5848930', '110.9020320', 'SMP', 'S', '031108', '031100', '030000'),
(870, 'SMP PGRI 1 PURING', 'Sitiadi', '-7.7108000', '109.5311000', 'SMP', 'S', '030503', '030500', '030000'),
(871, 'SD NEGERI GETAS 3', 'JLN GAGUNG GETAS', '-6.9251000', '110.6700000', 'SD', 'N', '032108', '032100', '030000'),
(872, 'SD NEGERI AMONGROGO 02', 'Kwangsan', '-7.0065000', '109.9501000', 'SD', 'N', '032508', '032500', '030000'),
(873, 'SD NEGERI DADAPSARI', 'Jl. Petek 117-119', '-6.9698000', '110.4132000', 'SD', 'N', '036313', '036300', '030000'),
(874, 'SD NEGERI GLONGGONG 02', 'Jl.Buluraya No.3 Glonggong', '-6.8883000', '109.0122000', 'SD', 'N', '032914', '032900', '030000'),
(875, 'SD N 03 JATIREJO', 'Tegalmojo', '-7.7045690', '110.9547780', 'SD', 'N', '031303', '031300', '030000'),
(876, 'SD 1 KLALING', 'Klaling Rt03 Rw05', '-6.7863000', '110.9235000', 'SD', 'N', '031906', '031900', '030000'),
(877, 'SD NEGERI SIDAPURNA 02', 'Tegal', '-6.9000520', '109.0977490', 'SD', 'N', '032813', '032800', '030000'),
(878, 'SMP NEGERI 2 DAWE', 'Rejosari', '-6.7440000', '110.8975000', 'SMP', 'N', '031909', '031900', '030000'),
(879, 'SD NEGERI 04 SRAGI', 'Jl. Raya Sragi -comal', '-6.9261670', '109.5657200', 'SD', 'N', '032610', '032600', '030000'),
(880, 'SD NEGERI 4 JATIJAJAR', 'Jatijajar, Ayah, Kebumen', '-7.6774000', '109.4312000', 'SD', 'N', '030501', '030500', '030000'),
(881, 'SD NEGERI SRIBIT 2', 'Tambak', '-7.4057000', '110.9601000', 'SD', 'N', '031411', '031400', '030000'),
(882, 'SMP NEGERI 3 SATU ATAP JATIPURNO', 'BENERAN RT 01/ 03, MANGUNHARJO, JATIPURNO, WONOGIRI', '-7.7815000', '111.1148000', 'SMP', 'N', '031223', '031200', '030000'),
(883, 'SD N 1 SENDANGKULON', 'Jl. Mangga', '-6.9140000', '110.1066000', 'SD', 'N', '032414', '032400', '030000'),
(884, 'SD NEGERI POLBAYEM', 'DESA POLBAYEM', '-6.8031000', '111.2657000', 'SD', 'N', '031701', '031700', '030000'),
(885, 'SD N 01 SUSUKAN', 'Rt.04 Rw.04 No.36 A', '-6.8807000', '109.5158000', 'SD', 'N', '032712', '032700', '030000'),
(886, 'SD NEGERI 2 KRADENAN', 'Jalan Raden Sahid RT 01  RW 03', '-7.1497000', '111.1490000', 'SD', 'N', '031507', '031500', '030000'),
(887, 'SDN 2 KARANGTENGAH', 'Karangtengah', '-7.3527000', '109.1243000', 'SD', 'N', '030217', '030200', '030000'),
(888, 'SD NEGERI NGETUK 01', 'Jl.Desa Ngetuk', '-6.6056000', '111.0250000', 'SD', 'N', '031818', '031800', '030000'),
(889, 'SMP KANISIUS 2', 'Jl. Honggowongso No. 7', '-7.5701000', '110.8201000', 'SMP', 'S', '036102', '036100', '030000'),
(890, 'SMP MAARIF NU DARUSSALAM', 'JL. K. TURMUDZI NO. 03 BANJARSARI', '-7.2797000', '108.9542000', 'SMP', 'S', '032902', '032900', '030000'),
(891, 'SD NEGERI KEDUNGTUKANG 02', 'Kedungtukang', '-6.9384000', '109.0352000', 'SD', 'N', '032916', '032900', '030000'),
(892, 'SD NEGERI 3 KUTAWIS', 'Desa Kutawis', '-7.4142880', '109.4813000', 'SD', 'N', '030302', '030300', '030000'),
(893, 'SD NEGERI 2 SOCO', 'Soco', '-7.8245000', '111.1973000', 'SD', 'N', '031221', '031200', '030000'),
(894, 'SD NEGERI CEMORO', 'Cemoro', '-7.5406000', '110.6462000', 'SD', 'N', '030907', '030900', '030000'),
(895, 'SD NEGERI 1 GUNUNGSARI', 'Desa Gunungsari Rt 02 Rw 03', '-6.7284000', '111.3192000', 'SD', 'N', '031709', '031700', '030000'),
(896, 'SD NEGERI 2 PLAWANGAN', 'DS. PLAWANGAN', '-6.6810000', '111.5310000', 'SD', 'N', '031712', '031700', '030000'),
(897, 'SD NEGERI 1 GLEMPANG', 'Glempang', '-7.4883000', '109.4805000', 'SD', 'N', '030403', '030400', '030000'),
(898, 'SMP WALISONGO', 'Jl. Semawur Rt 002/rw 004 Ngawen', '-7.0085000', '111.3084000', 'SMP', 'S', '031614', '031600', '030000'),
(899, 'SD NEGERI 02 TLOGOHENDRO', 'Dukuh Rejosari', '-7.1645120', '109.7650410', 'SD', 'N', '032604', '032600', '030000'),
(900, 'SD NEGERI GIRIMARGO 1', 'Girikota', '-7.3699000', '110.8210000', 'SD', 'N', '031414', '031400', '030000'),
(901, 'SD NEGERI 3 GUNUNGWETAN', 'Jl. Kaliduren', '-7.5570917', '109.0970233', 'SD', 'N', '030203', '030200', '030000'),
(902, 'SD NEGERI 6 PIJIHARJO', 'Jurang', '-7.8960000', '110.7975000', 'SD', 'N', '031212', '031200', '030000'),
(903, 'SD NEGERI BATUR 03', 'SELONGISOR', '-7.3958000', '110.4335000', 'SD', 'N', '032201', '032200', '030000'),
(904, 'SD NEGERI 2 BRINGIN', 'Jl. Cemara Km.0 Bringin RT.08 RW.03', '-6.6222000', '110.7414000', 'SD', 'N', '032006', '032000', '030000'),
(905, 'SD NEGERI NGARGOTIRTO 1', 'Kowang', '-7.2994000', '110.8598000', 'SD', 'N', '031415', '031400', '030000'),
(906, 'SD NEGERI BUNIWAH 01', 'Buniwah', '-7.1288000', '109.1473000', 'SD', 'N', '032803', '032800', '030000'),
(907, 'SD NEGERI MIRITPETIKUSAN', 'Miritpetikusan', '-7.7980000', '109.7702000', 'SD', 'N', '030508', '030500', '030000'),
(908, 'SD NEGERI WATES', 'Wates', '-7.2248690', '109.9591000', 'SD', 'N', '032320', '032300', '030000'),
(909, 'SD NEGERI GETAS 01', 'Jl Bawang Tersono Km 2 Desa Getas', '-7.0881000', '109.9228000', 'SD', 'N', '032505', '032500', '030000'),
(910, 'SD NEGERI CENANG 03', 'Tegalurung', '-6.9937000', '109.0539000', 'SD', 'N', '032915', '032900', '030000'),
(911, 'SD NEGERI TANJUNGSARI', 'Desa Tanjung Sari', '-7.0321000', '109.9618000', 'SD', 'N', '032506', '032500', '030000'),
(912, 'SD N 03 LIMBANGAN', 'Desa Limbangan', '-6.8065000', '109.5319000', 'SD', 'N', '032713', '032700', '030000'),
(913, 'SD MUHAMMADIYAH INOVATIF', 'JALAN TIRTA KENCANA PATUK LOR', '-7.9773000', '110.9312000', 'SD', 'S', '031209', '031200', '030000'),
(914, 'SD NEGERI NYATNYONO 03', 'Jl Hasan Munadi', '-7.1648000', '110.3673000', 'SD', 'N', '032219', '032200', '030000'),
(915, 'SMP MUHAMMADIYAH 2 BOJA', 'Jalan Pramuka 134 Boja', '-7.1063000', '110.2657000', 'SMP', 'S', '032407', '032400', '030000'),
(916, 'SD NEGERI 1 KALONGAN', 'Jl. Brigjen Sudiarto No. 66 Kel. Kalongan Kec. Purwodadi', '-7.1005000', '110.9182000', 'SD', 'N', '031513', '031500', '030000'),
(917, 'SMP PGRI 1 SEMARANG', 'Jl. Medoho I No 91', '-6.9945000', '110.4394000', 'SMP', 'S', '036310', '036300', '030000'),
(918, 'SD NEGERI 4 KETRO', 'Ketro Rt 05 Rw 07', '-7.1375000', '110.7557000', 'SD', 'N', '031502', '031500', '030000'),
(919, 'SDN 3 KEPOH', 'KARANGTENGAH', '-7.2445717', '111.3162483', 'SD', 'N', '031601', '031600', '030000'),
(920, 'SLB NEGERI WIRADESA', 'Jl. Mrican', '-6.8960030', '109.6193210', 'SLB', 'N', '032616', '032600', '030000'),
(921, 'SD NEGERI KARANGKEMIRI 04', 'Jl. Wanaroba No.125', '-7.6249000', '109.1468000', 'SD', 'N', '030117', '030100', '030000'),
(922, 'SD NEGERI 2 KALIAJIR', 'Kaliajir', '-7.4906000', '109.5770000', 'SD', 'N', '030404', '030400', '030000'),
(923, 'SMPS KY AGENG GIRI', 'Girikusumo Rt 02 / III', '-7.0598000', '110.5087000', 'SMP', 'S', '032101', '032100', '030000'),
(924, 'SD NEGERI BUBAKAN', 'Jl. RM Subagiono', '-7.0719000', '110.3354000', 'SD', 'N', '036301', '036300', '030000'),
(925, 'SD N 02 KARANGTENGAH', 'Jalan Priyah RT 02 RW 01 Desa Karangtengah', '-6.9166000', '109.5025000', 'SD', 'N', '032711', '032700', '030000'),
(926, 'SMP AL ISLAM', 'Bulak', '-7.4980960', '110.8808210', 'SMP', 'S', '031313', '031300', '030000'),
(927, 'SD NEGERI DOYONG 1', 'Jl. Solo - Purwodadi Km 24', '-7.3638000', '110.8316000', 'SD', 'N', '031414', '031400', '030000'),
(928, 'SD N 3 PULOHARJO', 'Pulo', '-7.9720000', '110.8421000', 'SD', 'N', '031210', '031200', '030000'),
(929, 'SD NEGERI 3 PAKELEN', 'Pakelen', '-7.3377000', '109.7244000', 'SD', 'N', '030408', '030400', '030000'),
(930, 'SD NEGERI 1 JAMPIROSO', 'JL. JENDRAL SUDIRMAN NO 5A JAMPIROSO 56216 TEMANGGUNG', '-7.3180000', '110.1837000', 'SD', 'N', '032303', '032300', '030000'),
(931, 'SD NEGERI KALILANGKAP 01', 'Jln. Raya Kemejing Kalilangkap', '-7.2344000', '108.9712000', 'SD', 'N', '032903', '032900', '030000'),
(932, 'SD NEGERI TEGALOMBO 05', 'Tawangrejo', '-6.4958000', '110.9936000', 'SD', 'N', '031821', '031800', '030000'),
(933, 'SD NEGERI GUMAYUN 02', 'Jalan Raya Slawi - Jatibarang Km 04', '-6.9727716', '109.1090250', 'SD', 'N', '032811', '032800', '030000'),
(934, 'SD NEGERI NGASINAN', 'Ngasinan', '-7.4583000', '109.8006000', 'SD', 'N', '030704', '030700', '030000'),
(935, 'SD NEGERI 1 SAMBONG', 'Sambong', '-7.3876000', '109.5531000', 'SD', 'N', '030412', '030400', '030000'),
(936, 'SD NEGERI NGASTOREJO', 'Ngastorejo', '-6.7552030', '111.1035000', 'SD', 'N', '031809', '031800', '030000'),
(937, 'SD NEGERI 2 DUKUH', 'KALINAMPU Rt 02 Rw 01', '-7.7894000', '110.6655000', 'SD', 'N', '031004', '031000', '030000'),
(938, 'SD N 1 SELOREJO', 'Selorejo', '-7.7646000', '111.0800000', 'SD', 'N', '031224', '031200', '030000'),
(939, 'SMP SATU ATAP MESOYI', 'Jl. Desa Mesoyi', '-7.0740000', '109.7175000', 'SMP', 'N', '032605', '032600', '030000'),
(940, 'SD NEGERI PADASUGIH 02', 'jalan Klapasawit', '-6.8719000', '109.0539000', 'SD', 'N', '032917', '032900', '030000'),
(941, 'SMP PGRI 3 TAMAN', 'Banjardawa Taman', '-6.9420000', '109.4227000', 'SMP', 'S', '032709', '032700', '030000'),
(942, 'SDN 1 TALOKWOHMOJO', 'Talokwohmojo', '-7.0252000', '111.3066000', 'SD', 'N', '031614', '031600', '030000'),
(943, 'SD NEGERI 2 KEBUMEN', 'Karangsawung', '-7.3524000', '110.2753000', 'SD', 'N', '032306', '032300', '030000'),
(944, 'SD NEGERI GROWONG LOR 01', 'Jl. Ki Hajar Dewantoro', '-6.7183000', '111.1432000', 'SD', 'N', '031808', '031800', '030000'),
(945, 'SD NEGERI JENAR KIDUL', 'Jl. Bey Jenar', '-7.8084000', '110.0076000', 'SD', 'N', '030603', '030600', '030000'),
(946, 'SD NEGERI 8 WONOSOBO', 'Jl. Jlegong No 1', '-7.3504000', '109.9176000', 'SD', 'N', '030709', '030700', '030000'),
(947, 'SD N 1 CANDEN', 'Jl. Bangak - Simo Km.5', '-7.4840000', '110.7145000', 'SD', 'N', '030910', '030900', '030000'),
(948, 'SD NEGERI KERTAYASA 04', 'Jl. Simpang Tiga No. 383 Tangglog', '-6.8959183', '109.2049983', 'SD', 'N', '032816', '032800', '030000'),
(949, 'SD NEGERI 3 BUGELAN', 'Kec. Kismantoro', '-7.9099000', '111.1968000', 'SD', 'N', '031218', '031200', '030000'),
(950, 'SD NEGERI KUTAYASA', 'Kutayasa', '-7.3836000', '109.7466000', 'SD', 'N', '030408', '030400', '030000'),
(951, 'SD NEGERI 2 BATEGEDE', 'Jl. Sreni Bategede', '-6.6784000', '110.8308000', 'SD', 'N', '032005', '032000', '030000'),
(952, 'SD NEGERI 2 DIENGKULON', 'Karangsari', '-7.2118000', '109.9075000', 'SD', 'N', '030416', '030400', '030000'),
(953, 'SD NEGERI 2 CANDIRENGGO', 'Candirenggo, Ayah, Kebumen', '-7.6927000', '109.4011000', 'SD', 'N', '030501', '030500', '030000'),
(954, 'SD NEGERI KEMBANGAN', 'Kembangan', '-6.8900000', '110.5697000', 'SD', 'N', '032106', '032100', '030000'),
(955, 'SMP NEGERI 1 GRABAG', 'Jl. Raya No. 100', '-7.3709000', '110.3201000', 'SMP', 'N', '030820', '030800', '030000'),
(956, 'SD NEGERI TEGALARUM', 'Jalan Jaken-Jakenan Km 3', '-6.8322000', '111.2124000', 'SD', 'N', '031806', '031800', '030000'),
(957, 'SD NEGERI 1 AMBALRESMI', 'Jl. Daendels No 172', '-7.7702000', '109.7495000', 'SD', 'N', '030507', '030500', '030000'),
(958, 'SD N 01 CIKENDUNG', 'Desa Cikendung RT 14 RW 02', '-7.1336000', '109.2875000', 'SD', 'N', '032702', '032700', '030000'),
(959, 'SD NEGERI 3 KUTABAWA', 'Jl. Raya Karangreja Pratin, RT 07 RW 02, Kutabawa', '-7.2232000', '109.3046000', 'SD', 'N', '030313', '030300', '030000'),
(960, 'SD NEGERI SAMBIROTO 02', 'JL. NILAM I / 12', '-7.0297000', '110.4602000', 'SD', 'N', '036307', '036300', '030000'),
(961, 'SD NEGERI BINTORO 05', 'Jl. Kyai Palembang No.1', '-6.8910000', '110.6393000', 'SD', 'N', '032107', '032100', '030000'),
(962, 'SD NEGERI SEDAYU', 'Jl. Raya Sedayu Gemuh No. 03', '-6.9735000', '110.1406000', 'SD', 'N', '032411', '032400', '030000'),
(963, 'SD NEGERI NGULAAN', 'Ngulaan', '-6.8384000', '111.3872000', 'SD', 'N', '031702', '031700', '030000'),
(964, 'SD NEGERI PAKEMBARAN 02', 'Jl. Semboja No. 22', '-6.9795800', '109.1305167', 'SD', 'N', '032810', '032800', '030000'),
(965, 'SD NEGERI DUKUTALIT 02', 'Jl. Tayu Utara Km.02', '-6.6804000', '111.1373000', 'SD', 'N', '031808', '031800', '030000'),
(966, 'SD Negeri Beton No. 183', 'Jl. Gotong Royong No. 158', '-7.5725000', '110.8363000', 'SD', 'N', '036104', '036100', '030000'),
(967, 'SD NEGERI 2 CONDONGCAMPUR', 'Kandangan Rt 03 Rw 05', '-7.2282000', '109.8564000', 'SD', 'N', '030415', '030400', '030000'),
(968, 'SDN 1 KARANGKEDAWUNG', 'Jl. Pramuka No. 2', '-7.4564000', '109.2881000', 'SD', 'N', '030223', '030200', '030000'),
(969, 'SD NEGERI 2 PURWOSARI', 'Purwosari, Puring, Kebumen', '-7.7417000', '109.5695000', 'SD', 'N', '030503', '030500', '030000'),
(970, 'SD NEGERI 1 SEMPOR', 'Petahunan', '-7.5757000', '109.4793000', 'SD', 'N', '030518', '030500', '030000'),
(971, 'SD NEGERI 2 TEKARAN', 'Ngaliyan', '-7.7782000', '110.8938000', 'SD', 'N', '031213', '031200', '030000'),
(972, 'SD NEGERI 3 LAMUK', 'Jl. Lontrong No: 01 Jambon', '-7.4630000', '109.7845000', 'SD', 'N', '030704', '030700', '030000'),
(973, 'SD NEGERI 1 KALIKEBO', 'Bawukan', '-7.7368340', '110.6628400', 'SD', 'N', '031006', '031000', '030000'),
(974, 'SD NEGERI PAYANG 01', 'Payang', '-6.7313000', '111.0504000', 'SD', 'N', '031810', '031800', '030000'),
(975, 'SD NEGERI KEPANDEAN 03', 'Kepandean', '-6.9071000', '109.1272000', 'SD', 'N', '032813', '032800', '030000'),
(976, 'SD NEGERI 1 GENTANSARI', 'Gentansari RT 04 / RW 02', '-7.4031000', '109.7677000', 'SD', 'N', '030420', '030400', '030000'),
(977, 'SD NEGERI Curug', 'Ds. Curug', '-7.0132000', '110.6470000', 'SD', 'N', '031518', '031500', '030000'),
(978, 'SD NEGERI BANGUNREJA 01', 'Jl. Wot Galih Rt 04 Rw 02', '-7.5000000', '108.7660000', 'SD', 'N', '030108', '030100', '030000'),
(979, 'SD NEGERI TANJUNGSARI', 'Tanjungsari, Buluspesantren, Kebumen', '-7.7124000', '109.7322000', 'SD', 'N', '030506', '030500', '030000'),
(980, 'SDN 1 JEPANGREJO', 'Jepangrejo', '-7.0066000', '111.4214000', 'SD', 'N', '031610', '031600', '030000'),
(981, 'SDN 1 JEPON', 'JL.JATIROGO', '-6.9676000', '111.4803000', 'SD', 'N', '031609', '031600', '030000'),
(982, 'SD NEGERI 01 SIJAMBE', 'JL. PATIMURA', '-6.8774000', '109.6294000', 'SD', 'N', '032619', '032600', '030000'),
(983, 'SD NEGERI 3 JEPORO', 'Mlokokerep', '-7.7713000', '111.1331000', 'SD', 'N', '031223', '031200', '030000'),
(984, 'SD NEGERI 3 TARUB', 'Jln Kemadoh Batur Km 1', '-7.0766870', '111.0118420', 'SD', 'N', '031511', '031500', '030000'),
(985, 'SMP PURNAMA PURWOKERTO', 'Jl.Margantara No.554', '-7.4350517', '109.2186150', 'SMP', 'S', '030224', '030200', '030000'),
(986, 'SD NEGERI CIBEUNYING 05', 'Jl. Kamboja Rt 03 Rw 02', '-7.2908000', '108.7161000', 'SD', 'N', '030103', '030100', '030000'),
(987, 'SD NEGERI 1 BAKUNGAN', 'Bakungan', '-7.6783000', '110.7524000', 'SD', 'N', '031015', '031000', '030000'),
(988, 'SMKN 1 AMBAL', 'JL. DAENDELS', '-7.7880000', '109.7265000', 'SMK', 'N', '030507', '030500', '030000'),
(989, 'SMA MARIA REGINA', 'Jl. Palm 2 No. 1 Palm Hill Estate', '-7.0201680', '110.3958550', 'SMA', 'S', '036304', '036300', '030000'),
(990, 'SMKS WALISONGO KARANGMALANG', 'SUNGKUL', '-7.4385000', '111.0423000', 'SMK', 'S', '031409', '031400', '030000'),
(991, 'SD NEGERI SEMPOL', 'Sempol', '-7.3554000', '109.7886000', 'SD', 'N', '030714', '030700', '030000'),
(992, 'SD N 2 GEMAWANG', 'Ngampelagung', '-7.8114000', '111.2613000', 'SD', 'N', '031224', '031200', '030000'),
(993, 'SD NEGERI LANGKAP 03', 'Langkap', '-7.2634000', '109.0278000', 'SD', 'N', '032903', '032900', '030000'),
(994, 'SD NEGERI 2 SUMBERSARI', 'Desa Sumbersari Rt.006/Rw.003', '-6.8925000', '110.1443000', 'SD', 'N', '032418', '032400', '030000'),
(995, 'SD NEGERI ROWOBRANTEN', 'Rowobranten', '-6.9759000', '110.1653000', 'SD', 'N', '032419', '032400', '030000'),
(996, 'SMP NEGERI 1 BAE', 'Jalan Colo Kec. Bae', '-6.7693000', '110.8551000', 'SMP', 'N', '031907', '031900', '030000'),
(997, 'SD NEGERI KALIBANGER', 'Kalibanger', '-7.2261000', '110.0920000', 'SD', 'N', '032318', '032300', '030000'),
(998, 'SD NEGERI 2 GUNUNGLURAH', 'Utara Lapangan Mataram Rt 04 Rw 01 Gununglurah', '-7.4283000', '109.1292000', 'SD', 'N', '030217', '030200', '030000'),
(999, 'SD NEGERI 3 KRANGGANHARJO', 'Dsn Glonggong Rt 01/rw 03', '-7.1292000', '110.8970000', 'SD', 'N', '031504', '031500', '030000'),
(1000, 'SD NEGERI BANYUMANIK 03', 'Jl. Bangun Harjo Barat', '-7.0761000', '110.4093000', 'SD', 'N', '036303', '036300', '030000'),
(1001, 'SD N 01 TAWANGSARI', 'Panti', '-7.5104000', '111.0744000', 'SD', 'N', '031316', '031300', '030000'),
(1002, 'SD NEGERI 02 WATUSALAM', 'Watusalam, Jl lapangan remaja', '-6.9418000', '109.6708000', 'SD', 'N', '032614', '032600', '030000'),
(1003, 'SD NEGERI BULUSTALAN', 'Jl. Basudewa N0 2', '-6.9902000', '110.4031000', 'SD', 'N', '036305', '036300', '030000'),
(1004, 'SLB BC Muhammadiyah Cepu', 'Balun Kesehatan Gang.vii/2 Cepu', '-7.1519000', '111.5862000', 'SLB', 'S', '031605', '031600', '030000'),
(1005, 'SD N 2 PUCUNG', 'Gundi', '-7.9620606', '110.7895624', 'SD', 'N', '031210', '031200', '030000'),
(1006, 'SDIT Insan Mulia', 'Jl. Duku VII RT. 04/VI Jajar, Laweyan, Surakarta', '-7.5501000', '110.7748000', 'SD', 'S', '036101', '036100', '030000'),
(1007, 'SDN 1 LOSARI', 'Jl. Jendreral Soedirman Losari No. 28', '-7.5576467', '109.1542850', 'SD', 'N', '030204', '030200', '030000'),
(1008, 'SD NEGERI WATUBONANG 01', 'TENGKLIK', '-7.7517000', '110.7689000', 'SD', 'N', '031103', '031100', '030000'),
(1009, 'SD N 2 KEPYAR', 'Kepyar Rt. 04 Rw. 08', '-7.8328000', '111.0938000', 'SD', 'N', '031219', '031200', '030000'),
(1010, 'SD NEGERI RANCAWIRU 01', 'Jl. Raya Balamoa', '-6.9960000', '109.1620000', 'SD', 'N', '032809', '032800', '030000'),
(1011, 'SD NEGERI 2 DERAS', 'Deras', '-7.1519000', '110.6637000', 'SD', 'N', '031501', '031500', '030000'),
(1012, 'SMP ISLAM DARUL ULUM', 'JL. K.H. NAWAWI KM. 01 SINANGGUL', '-6.5330165', '110.7970660', 'SMP', 'S', '032009', '032000', '030000'),
(1013, 'SD NEGERI 2 PURWANEGARA', 'Jl. Letjen. Pol. Soemarto', '-7.4053933', '109.2320500', 'SD', 'N', '030227', '030200', '030000'),
(1014, 'SD NEGERI 1 WIRASANA', 'Jl. Veteran No.15', '-7.3814020', '109.3787000', 'SD', 'N', '030306', '030300', '030000'),
(1015, 'SD NEGERI 01 SIMBANG KULON', 'Simbang Kulon Gg 5', '-6.9316000', '109.6603000', 'SD', 'N', '032614', '032600', '030000'),
(1016, 'SD BETHANY', 'JL. KALIPENGGING NO. 4A', '-7.3327733', '110.5060533', 'SD', 'S', '036202', '036200', '030000'),
(1017, 'SMK PERINTIS 29 02', 'JL. KARANGBENDO NO. 04-07', '-7.0224000', '110.4129000', 'SMK', 'S', '036304', '036300', '030000'),
(1018, 'SMKS KRISTEN 2 MAGELANG', 'JL PIERRE TENDEAN NOMOR 4 MAGELANG', '-7.4684000', '110.2148000', 'SMK', 'S', '036002', '036000', '030000'),
(1019, 'SMKS NU BANAT', 'JL. KHM ARWANI AMIN', '-6.7983000', '110.8378000', 'SMK', 'S', '031902', '031900', '030000'),
(1020, 'SMA NU HASYIM ASY ARI', 'JL. RAYA KARANGJATI RT.03/01, TARUB', '-6.9272000', '109.1823000', 'SMA', 'S', '032815', '032800', '030000'),
(1021, 'SD NEGERI PEKAUMAN KULON 02', 'Jl. Kh. Mansyur', '-6.8886110', '109.1337360', 'SD', 'N', '032813', '032800', '030000'),
(1022, 'SD NEGERI PUNCEL 01', 'Jl. Raya Tayu-Puncel KM.17', '-6.4425000', '110.9819000', 'SD', 'N', '031821', '031800', '030000'),
(1023, 'SD NEGERI TAYU KULON 01', 'Tayukulon', '-6.5717000', '111.0437000', 'SD', 'N', '031820', '031800', '030000'),
(1024, 'SD N 3 MANYARAN', 'Benowo RT 02 RW 10', '-7.8493000', '110.8126000', 'SD', 'N', '031212', '031200', '030000'),
(1025, 'SD MUHAMMADIYAH 04 COMAL', 'Rt.21 Rw.04 Dusun Ii', '-6.8732000', '109.5037000', 'SD', 'S', '032712', '032700', '030000'),
(1026, 'SD NEGERI KEPUH', 'Dukuh Kepuh RT 001 RW 002', '-7.0072000', '109.9194000', 'SD', 'N', '032508', '032500', '030000'),
(1027, 'SD NEGERI 1 JAMBUKIDUL', 'Jagan', '-7.6884000', '110.6829000', 'SD', 'N', '031013', '031000', '030000'),
(1028, 'SMP NEGERI 1 PARAKAN', 'Jl. Letnan Suwaji No 9', '-7.2798000', '110.0628000', 'SMP', 'N', '032301', '032300', '030000'),
(1029, 'SD N 1 TAMBAKREJO', 'Rt 01  Rw 03', '-6.8965000', '110.1820000', 'SD', 'N', '032416', '032400', '030000'),
(1030, 'SLB HAMONG PUTRO JOMBOR', 'Jln. Fortuna Jombor RT 03 RW 08 Bendosari Sukoharjo', '-7.6845000', '110.8613000', 'SLB', 'S', '031106', '031100', '030000'),
(1031, 'SD NEGERI BREBES 07', 'Brebes', '-6.8564000', '109.0522000', 'SD', 'N', '032917', '032900', '030000'),
(1032, 'SD NEGERI DEBONG WETAN 02', 'Jl. Abadi', '-6.9020000', '109.1313000', 'SD', 'N', '032813', '032800', '030000'),
(1033, 'SD NEGERI BUNDERAN', 'Jl. Demak  - Purwodadi Km.9 Bunderan', '-6.9383000', '110.6697000', 'SD', 'N', '032108', '032100', '030000'),
(1034, 'SMP NEGERI 1 SUKOLILO', 'Jl. Sunan Prawoto No.933', '-6.9388000', '110.9065000', 'SMP', 'N', '031801', '031800', '030000'),
(1035, 'SD NEGERI 2 WONOKERTO', 'Wonokerto', '-6.8466000', '111.5843000', 'SD', 'N', '031704', '031700', '030000'),
(1036, 'SMP PIUS SIDAREJA', 'Jalan Ranggasena No 596', '-7.4879000', '108.7976000', 'SMP', 'S', '030107', '030100', '030000'),
(1037, 'SD NEGERI TAYU KULON 02', 'Jalan P. Sudirman No. 192', '-6.5419000', '111.0392000', 'SD', 'N', '031820', '031800', '030000'),
(1038, 'SD NEGERI ADINUSO 02', 'Ds.adinuso', '-6.9713000', '109.8584000', 'SD', 'N', '032509', '032500', '030000'),
(1039, 'SD 2 PEGANJARAN', 'PEGANJARAN RT.07/III', '-6.7844000', '110.8378000', 'SD', 'N', '031907', '031900', '030000'),
(1040, 'SD NEGERI NEGARAJATI 03', 'Pagedangan', '-7.3426000', '108.8378000', 'SD', 'N', '030104', '030100', '030000'),
(1041, 'SD N 2 PURWOKERTO', 'Jl. Kyai Mukhibin', '-6.9439000', '110.1908000', 'SD', 'N', '032409', '032400', '030000'),
(1042, 'SD NEGERI 3 SIKUMPUL', 'Banurjo, Sikumpul', '-7.2133000', '109.6468000', 'SD', 'N', '030418', '030400', '030000'),
(1043, 'SD MATARAM', 'Jl. MT. Haryono No 403-405', '-6.9827000', '110.4314000', 'SD', 'S', '036312', '036300', '030000'),
(1044, 'SD NEGERI 1 GONDOSULI', 'Jl. GONDOSULI-PARAKAN,DESA GONDOSULI KECAMATAN BULU', '-7.3013000', '110.1065000', 'SD', 'N', '032302', '032300', '030000'),
(1045, 'SD NEGERI GONDORIYO 03', 'Gondoriyo', '-7.1826000', '110.4006000', 'SD', 'N', '032214', '032200', '030000'),
(1046, 'SD NEGERI BALEREJO 3', 'Balerejo', '-6.9643000', '110.7493000', 'SD', 'N', '032109', '032100', '030000'),
(1047, 'SD N PODOSARI', 'Jl. Balai Desa Podosari', '-6.9981000', '110.2075000', 'SD', 'N', '032415', '032400', '030000'),
(1048, 'SD NEGERI KALINYAMAT KULON 2 TEGAL', 'Jalan Letkol Pol Sutaryo No. 21  Tegal', '-6.8481000', '109.1030000', 'SD', 'N', '036504', '036500', '030000'),
(1049, 'SD N II NGADIROJO', 'Sanggrahan', '-7.8164000', '110.9954000', 'SD', 'N', '031215', '031200', '030000'),
(1050, 'SD NEGERI 4 KARANG HARJO', 'Dsn. Lodran RT 4/RW 6, Ds. Karangharjo, Kec. Pulokulon', '-7.1213000', '111.0040000', 'SD', 'N', '031506', '031500', '030000'),
(1051, 'SD NEGERI DUKUH TENGAH 04', 'Jl.Lapangan Gotong Royong Desa Dukuh Tengah', '-7.1069000', '109.0041000', 'SD', 'N', '032801', '032800', '030000'),
(1052, 'SD NEGERI BRANGKAL 2', 'Cikalan', '-7.3989000', '110.8609000', 'SD', 'N', '031413', '031400', '030000'),
(1053, 'SD NEGERI 01 PADEK', 'Padek', '-6.8602000', '109.5318000', 'SD', 'N', '032713', '032700', '030000'),
(1054, 'SMP NEGERI 2 DAYEUHLUHUR', 'Jl. Mergo-Dayeuhluhur', '-7.3012000', '108.5873000', 'SMP', 'N', '030101', '030100', '030000'),
(1055, 'SD NEGERI PASANGAN 02', 'Pasangan - Talang - Tegal', '-6.9313983', '109.1505366', 'SD', 'N', '032814', '032800', '030000'),
(1056, 'SD NEGERI 2 CEPOGO', 'Jl Sawah Ombo', '-6.5121000', '110.8425000', 'SD', 'N', '032014', '032000', '030000'),
(1057, 'SD NEGERI DUKUHSETI 02', 'Jln. Tayu - Puncel Km 11, Dukuhseti', '-6.4603000', '111.0312000', 'SD', 'N', '031821', '031800', '030000'),
(1058, 'SDN 3 BANGKLEYAN', 'Bangkleyan', '-7.2795550', '111.2661850', 'SD', 'N', '031601', '031600', '030000'),
(1059, 'SD NEGERI JAMBEAN 03', 'Jambean Kidul', '-6.7541000', '110.9836000', 'SD', 'N', '031812', '031800', '030000'),
(1060, 'SD NEGERI BALAMOA 01', 'Perintis Kemerdekaan', '-6.9629000', '109.1757000', 'SD', 'N', '032809', '032800', '030000'),
(1061, 'SD N 01 KEBON GEDE', 'Jl. Cagar Alam No. 51', '-7.0085000', '109.3964000', 'SD', 'N', '032706', '032700', '030000'),
(1062, 'SD NEGERI 1 KRADENAN', 'Jln. Raya Kradenan No. 17, Sumpiuh', '-7.6134983', '109.3710933', 'SD', 'N', '030207', '030200', '030000'),
(1063, 'SD NEGERI 2 TAMBAKMULYO', 'Tambakmulyo, Puring, Kebumen', '-7.7498000', '109.4902000', 'SD', 'N', '030503', '030500', '030000'),
(1064, 'SD KRISTEN GERGAJI', 'Jl Kyai Saleh No 3', '-7.0038000', '110.4114000', 'SD', 'S', '036305', '036300', '030000'),
(1065, 'SD NEGERI 1 GUNUNGGAJAH', 'Kepuh', '-7.7634000', '110.6686000', 'SD', 'N', '031004', '031000', '030000'),
(1066, 'SLB C PUTRA MANDIRI', 'Jl. Potrosari I No. 6', '-7.0541000', '110.4089000', 'SLB', 'S', '036303', '036300', '030000'),
(1067, 'SD NEGERI LEBAKSIU LOR 03', 'Jl. Raya Utara Lebaksiu', '-7.0510000', '109.1509000', 'SD', 'N', '032806', '032800', '030000'),
(1068, 'SD NEGERI GUNUNG TUGEL', 'GUNUNGTUGEL', '-7.3817000', '109.8115000', 'SD', 'N', '030714', '030700', '030000'),
(1069, 'SD NEGERI KOPENG 01', 'Plalar', '-7.3977000', '110.4386000', 'SD', 'N', '032201', '032200', '030000'),
(1070, 'SD NEGERI 1 GARUNG', 'Jln. Dieng, Km. 09', '-7.2848000', '109.9267000', 'SD', 'N', '030712', '030700', '030000'),
(1071, 'SD Negeri Sapuro 01', 'Jl. Kalimantan No. 58 Pekalongan', '-6.8959000', '109.6696000', 'SD', 'N', '036401', '036400', '030000'),
(1072, 'SDN 4 TANGGEL', 'Dk Suru', '-7.1331433', '111.3825000', 'SD', 'N', '031602', '031600', '030000'),
(1073, 'SD DJAMA`ATUL ICHWAN PROGRAM UTAMA', 'Jl. Parangkesit No.28', '-7.5675000', '110.8070000', 'SD', 'S', '036101', '036100', '030000'),
(1074, 'SD N 02 JUMANTORO', 'Belang', '-7.7014570', '111.0510530', 'SD', 'N', '031303', '031300', '030000'),
(1075, 'SD NEGERI PASURUHAN', 'Sosoran', '-7.3065000', '110.1154000', 'SD', 'N', '032302', '032300', '030000'),
(1076, 'SD NEGERI 1 TAJI', 'bOLO kIDUL', '-7.6538000', '110.7652000', 'SD', 'N', '031016', '031000', '030000'),
(1077, 'SD NEGERI 2 TANJUNG', 'Tanjung', '-7.6627000', '110.7518000', 'SD', 'N', '031016', '031000', '030000'),
(1078, 'SMP NEGERI 2 GROGOL', 'Sanggrahan', '-7.5906000', '110.8010000', 'SMP', 'N', '031109', '031100', '030000'),
(1079, 'SD NEGERI TANJANG', 'Ds Tanjang', '-6.7920000', '111.0388000', 'SD', 'N', '031811', '031800', '030000'),
(1080, 'SD NEGERI GENENGDUWUR 1', 'Genengduwur', '-7.3832000', '110.8576000', 'SD', 'N', '031413', '031400', '030000'),
(1081, 'SD NEGERI BAGOR 3', 'CABE', '-7.3454000', '110.8221000', 'SD', 'N', '031414', '031400', '030000'),
(1082, 'SDN 3 PENGKOLREJO', 'Pengkolrejo', '-6.9604000', '111.3187000', 'SD', 'N', '031613', '031600', '030000'),
(1083, 'SD SANTOSA', 'Jl. Gisik Rejo Rt 07/i', '-6.9635000', '110.4134000', 'SD', 'S', '036313', '036300', '030000'),
(1084, 'SD NEGERI 02 WONOREJO', 'Jl. Ki Ageng Giring Km. 3,5, Kajen', '-7.0441000', '109.5457000', 'SD', 'N', '032608', '032600', '030000'),
(1085, 'SD NEGERI 1 TRUCUK', 'Srebeggede', '-7.7259000', '110.6712000', 'SD', 'N', '031006', '031000', '030000'),
(1086, 'SD N 02 PENUSUPAN', 'Jalan lingkar desa no 02 penusupan', '-7.0874000', '109.3090000', 'SD', 'N', '032707', '032700', '030000'),
(1087, 'SD NEGERI WEDUSAN', 'Wedusan', '-6.4810000', '110.9756000', 'SD', 'N', '031821', '031800', '030000'),
(1088, 'SD N 04 WONOREJO', 'Tangkluk', '-7.7063000', '111.1116000', 'SD', 'N', '031302', '031300', '030000'),
(1089, 'SD 5 KLALING', 'Klaling Rt05 Rw04', '-6.7897000', '110.9163000', 'SD', 'N', '031906', '031900', '030000'),
(1090, 'SD NEGERI NGLOJO', 'Nglojo', '-6.7524000', '111.6159000', 'SD', 'N', '031705', '031700', '030000'),
(1091, 'SD SURYO BIMO KRESNO', 'Jl. Borobudur Barat Rt 12 / XIII', '-7.0142000', '110.3323000', 'SD', 'S', '036316', '036300', '030000'),
(1092, 'SD NEGERI PENUSUPAN', 'Penusupan Rt 02/01', '-7.6077000', '109.6098000', 'SD', 'N', '030514', '030500', '030000'),
(1093, 'SD NEGERI II BITING', 'Sumber', '-7.8515000', '111.2984000', 'SD', 'N', '031219', '031200', '030000'),
(1094, 'SD NEGERI JENANG 06', 'Jl. Pisang No.35', '-7.2957000', '108.7573000', 'SD', 'N', '030103', '030100', '030000'),
(1095, 'SMP NEGERI 35 SEMARANG', 'Jl. R Soebagyono', '-7.0963000', '110.3257000', 'SMP', 'N', '036301', '036300', '030000'),
(1096, 'SD NEGERI BABAKAN 02', 'Jl. Raya Babakan', '-7.3729000', '108.8963000', 'SD', 'N', '030105', '030100', '030000'),
(1097, 'SD N 3 KERTOSARI', 'Ds. Brayo Timur', '-7.0608000', '110.2515000', 'SD', 'N', '032405', '032400', '030000'),
(1098, 'SD N BOROREJO', 'Sorogenen Rt 05 Rw 05', '-7.5683000', '110.8414000', 'SD', 'N', '036104', '036100', '030000'),
(1099, 'SD NEGERI CEPOKO I', 'Sumber', '-7.3232000', '110.8675000', 'SD', 'N', '031415', '031400', '030000'),
(1100, 'SMP NUSANTARA GONDANG', 'Jl. Komplek Pendidikan Islam Gondang', '-6.9777000', '109.6321000', 'SMP', 'S', '032612', '032600', '030000'),
(1101, 'SD 1 RAHTAWU', 'Rahtawu', '-6.6560000', '110.8694000', 'SD', 'N', '031908', '031900', '030000'),
(1102, 'SDN 1 GAGAKAN', 'Desa Gagakan Rt.03 Rw.01', '-7.0917000', '111.5630000', 'SD', 'N', '031606', '031600', '030000'),
(1103, 'SD MUHAMMADIYAH 1 WONOGIRI', 'Wonogiri', '-7.8166000', '110.9161000', 'SD', 'S', '031214', '031200', '030000'),
(1104, 'SD NEGERI PAGUBUGAN KULON 01', 'Jl Gebang No.02', '-7.6919000', '109.3059000', 'SD', 'N', '030120', '030100', '030000'),
(1105, 'SD NEGERI 2 SOMOKATON', 'Somokaton', '-7.6792000', '110.5379000', 'SD', 'N', '031011', '031000', '030000'),
(1106, 'SD NEGERI PANGKALAN', 'Pangkalan', '-6.6289000', '111.4883000', 'SD', 'N', '031713', '031700', '030000'),
(1107, 'SD NEGERI  GANDRUNGMANGU 01', 'Jl. Mahoni No. 42', '-7.5220000', '108.8561000', 'SD', 'N', '030110', '030100', '030000'),
(1108, 'SD NEGERI 1 WONOKERTO', 'Jalan Raya Lasem - Jatirogo Wonokerto', '-6.8513000', '111.5923000', 'SD', 'N', '031704', '031700', '030000'),
(1109, 'SD NEGERI SRIWEDARI 1', 'Jl. Candi Ngawen No. 07 Sriwedari, Muntilan, Magelang', '-7.6187000', '110.2566000', 'SD', 'N', '030807', '030800', '030000'),
(1110, 'SD NEGERI SLAWI KULON 03', 'Jl. Merpati No.1', '-6.9875850', '109.1350417', 'SD', 'N', '032810', '032800', '030000'),
(1111, 'SD NEGERI PURWOYOSO 03', 'Jl. Sriwibowo III', '-6.9911000', '110.3342000', 'SD', 'N', '036316', '036300', '030000'),
(1112, 'SD NEGERI SIWAL', 'Tanjung', '-7.6007000', '110.7743000', 'SD', 'N', '031110', '031100', '030000'),
(1113, 'SD NEGERI BAWANG 03', 'Dukuh Bawang', '-7.0879000', '109.9284000', 'SD', 'N', '032505', '032500', '030000'),
(1114, 'SD NEGERI 1 BRENGKELAN', 'Jalan Kyai Brengkel no 9', '-7.7131000', '110.0247000', 'SD', 'N', '030606', '030600', '030000'),
(1115, 'SD NEGERI CUKILAN 01', 'Krajan Cukilan Suruh', '-7.3247540', '110.5810920', 'SD', 'N', '032204', '032200', '030000'),
(1116, 'SDN 4 SOKARAJA KULON', 'Jl. Soeparjo Roestam No.7', '-7.4455000', '109.2823000', 'SD', 'N', '030223', '030200', '030000'),
(1117, 'SD NEGERI KEDUNGTULUP', 'Jln. Sumber-Sulang Km.4', '-6.8255000', '111.2763000', 'SD', 'N', '031701', '031700', '030000'),
(1118, 'SMP NEGERI 11', 'Karangrejo', '-7.0255000', '110.4076000', 'SMP', 'N', '036304', '036300', '030000'),
(1119, 'SD NEGERI NGAREN', 'Jalan Candiroto', '-7.2298000', '110.0599000', 'SD', 'N', '032310', '032300', '030000'),
(1120, 'SD N 01 TLAGASANA', 'Jalan Raya Penisihan Tlagasana', '-7.1646000', '109.5014000', 'SD', 'N', '032704', '032700', '030000'),
(1121, 'SD NEGERI KLAPASAWIT', 'Klapasawit', '-7.5767000', '109.9662000', 'SD', 'N', '030613', '030600', '030000'),
(1122, 'SD NEGERI 2 WIRUN', 'Ds. Wirun, RT 02 RW 06', '-7.6938000', '109.9149000', 'SD', 'N', '030609', '030600', '030000'),
(1123, 'SMP ISLAM SUDIRMAN SALAMAN', 'Jl. Purworejo-magelang Km. 20', '-7.5595000', '110.1039000', 'SMP', 'S', '030801', '030800', '030000'),
(1124, 'SD MUHAMMADIYAH BEKONANG', 'Jln. Mayor Achmadi No. 97', '-7.6101000', '110.8753000', 'SD', 'S', '031108', '031100', '030000'),
(1125, 'SDN Sigit 3', 'Sigit', '-7.2839000', '111.0333000', 'SD', 'N', '031419', '031400', '030000'),
(1126, 'SD NEGERI PELEMGEDE 02', 'Ds. Pelemgede RT. 010 RW.002', '-6.8536000', '111.1791000', 'SD', 'N', '031805', '031800', '030000'),
(1127, 'SD ISLAM INTERNASIONAL NURUL MUSTHOFA', 'Jl. Delanggu-tanjung Km. 05', '-7.6617000', '110.7366000', 'SD', 'S', '031016', '031000', '030000'),
(1128, 'SD NEGERI SELOBORO', 'Seloboro', '-7.6065000', '110.2823000', 'SD', 'N', '030804', '030800', '030000'),
(1129, 'SMP MAARIF NU 1 CILONGOK', 'Jl. Masjid Kauman Cilongok', '-7.4066000', '109.1422000', 'SMP', 'S', '030217', '030200', '030000'),
(1130, 'SD NEGERI 3 KARANGGAYAM', 'Kaliwuluh,karanggayam', '-7.5898000', '109.5641000', 'SD', 'N', '030521', '030500', '030000'),
(1131, 'SD NEGERI ADIWERNA 07', 'Jl. Singkil Adiwerna', '-6.9379000', '109.1135000', 'SD', 'N', '032812', '032800', '030000'),
(1132, 'SD NEGERI KRAJAN 04', 'Krajan', '-7.5797000', '110.7451000', 'SD', 'N', '031111', '031100', '030000'),
(1133, 'SD N 1 KAJONGAN', 'Jl. Desa Kajongan Rt 01 Rw 02', '-7.3627000', '109.3497000', 'SD', 'N', '030310', '030300', '030000'),
(1134, 'SMP ISLAM SUDIRMAN SUSUKAN', 'Jl Suruh Karanggede Km 04', '-7.3756000', '110.6101000', 'SMP', 'S', '032203', '032200', '030000'),
(1135, 'SD KRISTEN IMANUEL', 'Jl.taman Diponegoro 4 - 6', '-7.0193000', '110.4327000', 'SD', 'S', '036306', '036300', '030000'),
(1136, 'SD NEGERI TEGOWANU 2', 'Jl. Semarang-Purwodadi Km.23', '-7.0492000', '110.5779000', 'SD', 'N', '032102', '032100', '030000'),
(1137, 'SD NEGERI 2 SUMINGKIR', 'Jl. Raya Lemah Meteng Rt 15 Rw 06', '-7.3943000', '109.3757000', 'SD', 'N', '030309', '030300', '030000'),
(1138, 'SDN 2 NGLIRON', 'Jl. Kaliwader Ds. Ngliron Randublatung Blora', '-7.1209000', '111.3951000', 'SD', 'N', '031602', '031600', '030000'),
(1139, 'SMP NEGERI 5 CEPU', 'Jl. Pemuda', '-7.1411000', '111.5474000', 'SMP', 'N', '031605', '031600', '030000'),
(1140, 'SD NEGERI NGARUM 2', 'Kedungdowo', '-7.4293000', '111.0715000', 'SD', 'N', '031408', '031400', '030000'),
(1141, 'SMAS MUHAMMADIYAH 1 BANGSRI', 'JL. SEROJA NO. 02 KAUMAN BANGSRI', '-6.5177000', '110.7668000', 'SMA', 'S', '032010', '032000', '030000'),
(1142, 'SD NEGERI 2 KRAMAT', 'Dusun Gembong', '-7.2988000', '109.4775000', 'SD', 'N', '030315', '030300', '030000'),
(1143, 'SD NEGERI 3 KALIREJO', 'Jl.Kuwu Rt:01 Rw:03', '-7.0911000', '111.0970000', 'SD', 'N', '031510', '031500', '030000'),
(1144, 'SD Negeri Rowodadi', 'Rowodadi, Grabag, Purworejo', '-7.7783000', '109.9052000', 'SD', 'N', '030601', '030600', '030000'),
(1145, 'SD NEGERI 01 KARYOMUKTI', 'Jl. Raya Karyomukti No. 06', '-7.0312000', '109.5220000', 'SD', 'N', '032609', '032600', '030000'),
(1146, 'SD NEGERI BROJOL 1', 'Purwosari', '-7.3591000', '110.8037000', 'SD', 'N', '031414', '031400', '030000'),
(1147, 'SD BAKTI PERTIWI', 'Jl. Erowati Iv /12 A', '-6.9740000', '110.4041000', 'SD', 'S', '036313', '036300', '030000'),
(1148, 'SD NEGERI 2 HARDIMULYO', 'Krembeng Rt 05 Rw 02', '-7.7153000', '110.0849000', 'SD', 'N', '030605', '030600', '030000'),
(1149, 'SD N 01 NGEMPLAK', 'NGIRI', '-7.6167250', '111.0469500', 'SD', 'N', '031308', '031300', '030000'),
(1150, 'SMP NEGERI 4 AMBARAWA', 'Rejosari', '-7.2736000', '110.3997000', 'SMP', 'N', '032210', '032200', '030000'),
(1151, 'SD BOPKRI TEGALOMBO', 'Margorejo', '-6.4431000', '110.9948000', 'SD', 'S', '031821', '031800', '030000'),
(1152, 'SD NEGERI PODOREJO 02', 'Kaliancar', '-7.0010000', '110.3583000', 'SD', 'N', '036316', '036300', '030000'),
(1153, 'SD NEGERI PENYALAHAN 01', 'Jl. Penyalahan', '-7.0865700', '109.2058450', 'SD', 'N', '032807', '032800', '030000'),
(1154, 'SD NEGERI 2 SIDOMULYO', 'Desa Sidomulyo', '-6.7573000', '111.5537000', 'SD', 'N', '031706', '031700', '030000'),
(1155, 'SD NEGERI GLEBEG', 'Desa Glebeg', '-6.7871000', '111.3758000', 'SD', 'N', '031708', '031700', '030000'),
(1156, 'SD NEGERI DADIREJO 02', ' Dadirejo', '-6.7957000', '111.0287000', 'SD', 'N', '031812', '031800', '030000'),
(1157, 'SD NEGERI PANDEAN 01', 'Bugel, RT1 / RW3', '-7.6336000', '110.8417000', 'SD', 'N', '031109', '031100', '030000'),
(1158, 'SD NEGERI 2 BABADAN', 'Babadan', '-7.2814000', '109.8348000', 'SD', 'N', '030414', '030400', '030000'),
(1159, 'SD NEGERI 01 BANJARANYAR', 'Jalan Pramuka', '-7.1028000', '109.3183000', 'SD', 'N', '032707', '032700', '030000'),
(1160, 'SMP NEGERI 4 KALIBAGOR', 'Jl. Bangin Srowot', '-7.5106800', '109.3235933', 'SMP', 'N', '030210', '030200', '030000'),
(1161, 'SDI AL-ISLAM', 'Jl. Kh. Agus Salim No. 7', '-7.5658000', '110.8068000', 'SD', 'S', '036101', '036100', '030000'),
(1162, 'SD NEGERI DEMANGAN', 'Demangan', '-6.6262000', '110.6484000', 'SD', 'N', '032007', '032000', '030000'),
(1163, 'SDN 1 SUMBEREJO', 'Rowo', '-7.9834000', '110.9888000', 'SD', 'N', '031205', '031200', '030000'),
(1164, 'SD NEGERI 3 JAMBANGAN', 'Ds Sanggrak', '-7.2131000', '110.9441000', 'SD', 'N', '031505', '031500', '030000'),
(1165, 'SD N 01 MOJO', 'Desa Mojo', '-6.8456000', '109.5094000', 'SD', 'N', '032713', '032700', '030000'),
(1166, 'SD NEGERI PANGEBATAN 01', 'Jl Lapangan Pancasila Buaran Rt 11 Rw 01', '-7.2674000', '108.9589000', 'SD', 'N', '032902', '032900', '030000'),
(1167, 'SD NEGERI 3 KAWAK', 'Kawak Rt 04 Rw 01', '-6.5708000', '110.7898000', 'SD', 'N', '032016', '032000', '030000'),
(1168, 'SD Negeri Soko', 'Jl. Otto Iskandardinata No. 190 Pekalongan', '-6.9212000', '109.6727000', 'SD', 'N', '036403', '036400', '030000'),
(1169, 'SD N 03 SUMBEREJO', 'Derso', '-7.5316760', '111.0615840', 'SD', 'N', '031316', '031300', '030000'),
(1170, 'SDN 2 DARMAKRADENAN', 'Jl. Raya Ajibarang Gumelar', '-7.4205000', '109.0384000', 'SD', 'N', '030214', '030200', '030000'),
(1171, 'SD 2 MARGOREJO', 'Margorejo Rt 02 Rw 05', '-6.7503000', '110.8876000', 'SD', 'N', '031909', '031900', '030000'),
(1172, 'SMP PGRI BLUNGUN', 'Blungun', '-6.9922000', '111.4854000', 'SMP', 'S', '031609', '031600', '030000'),
(1173, 'SD NEGERI KARANGTURI 02', 'Jl. Turangga', '-7.6495000', '109.2124000', 'SD', 'N', '030119', '030100', '030000'),
(1174, 'SD NEGERI KEBOWAN 01', 'Dusun Kebowan', '-7.3789000', '110.5452000', 'SD', 'N', '032204', '032200', '030000'),
(1175, 'SD N 2 KALIORI', 'Desa Kaliori Rt 15 Rw 04', '-7.2743000', '109.4077000', 'SD', 'N', '030314', '030300', '030000'),
(1176, 'SMAN 1 KALIWUNGU', 'JL.PANGERAN JUMINAH KALIWUNGU', '-6.9764000', '110.2501000', 'SMA', 'N', '032408', '032400', '030000'),
(1177, 'SMKS PGRI 3 SALATIGA', 'JL. YUDISTIRA NO. 25 SALATIGA', '-7.3419333', '110.4856050', 'SMK', 'S', '036203', '036200', '030000'),
(1178, 'SMAS MUHAMMADIYAH BOARDING SCHOOL ZAM-ZAM', 'JL. RAYA PERNASIDI CILONGOK', '-7.4002000', '109.1305000', 'SMA', 'S', '030217', '030200', '030000'),
(1179, 'SMK NEGERI 1 PABELAN', 'KRAJAN LOR', '-7.3360000', '110.5548000', 'SMK', 'N', '032205', '032200', '030000'),
(1180, 'SMKS PANCASILA SURAKARTA', 'JL. APEL NO. 5 JAJAR SURAKARTA', '-7.5549240', '110.7888810', 'SMK', 'S', '036101', '036100', '030000'),
(1181, 'SMA JOYO KUSUMO KAYEN', 'JL. DESA PASURUHAN KAYEN', '-6.8889000', '110.9680000', 'SMA', 'S', '031802', '031800', '030000'),
(1182, 'SMAN 2 UNGARAN', 'JL. DIPONEGORO 277 UNGARAN', '-7.1125000', '110.4162000', 'SMA', 'N', '032219', '032200', '030000'),
(1183, 'SMK WIYATA BANGSA', 'JL. RATU JAYA DESA BAROS', '-6.9853140', '108.8720360', 'SMK', 'S', '032908', '032900', '030000'),
(1184, 'SMKS GAJAH MUNGKUR 1 WURYANTORO', 'JL. TANGKIL TROMOL POS 4', '-7.8983000', '110.8620000', 'SMK', 'S', '031211', '031200', '030000'),
(1185, 'SMP NEGERI 1 KEBONAGUNG', 'Jl. Raya Semarang - Purwodadi Km. 37', '-7.0242764', '110.7090354', 'SMP', 'N', '032114', '032100', '030000'),
(1186, 'SD NEGERI 5 NGRAJI', 'Dsn Dadabong Ds. Ngraji Kec. Purwodadi', '-7.1122000', '110.9357000', 'SD', 'N', '031513', '031500', '030000'),
(1187, 'SD NEGERI 1 KLAPAGADING', 'Klapagading', '-7.5091000', '109.0709000', 'SD', 'N', '030202', '030200', '030000'),
(1188, 'SD NEGERI SENDANG', 'Jl. Sendang - Tulis Km 1,3', '-7.0060000', '109.7674000', 'SD', 'N', '032501', '032500', '030000');
INSERT INTO `sekolah` (`id`, `nama`, `alamat`, `latitude`, `longitude`, `jenjang`, `status`, `kode_kecamatan`, `kode_kabupaten`, `kode_provinsi`) VALUES
(1189, 'SD NEGERI SAMBIREJO 01', 'Jl. Medoho Raya No. 9', '-6.9866000', '110.4422000', 'SD', 'N', '036310', '036300', '030000'),
(1190, 'SD NEGERI 3 KEDEN', 'Keden', '-7.7239000', '110.7100000', 'SD', 'N', '031014', '031000', '030000'),
(1191, 'SD NEGERI 2 KEMAWI', 'JLN.GERILYA NO.100 RT.02/RW.05', '-7.5329000', '109.3742000', 'SD', 'N', '030209', '030200', '030000'),
(1192, 'SD NEGERI RUNGKANG 02', 'Jln. Tiga Serangkai No. 18', '-6.8581000', '108.8533000', 'SD', 'N', '032910', '032900', '030000'),
(1193, 'SD NEGERI BLIMBING 04', 'Blimbing', '-7.5901000', '110.7335000', 'SD', 'N', '031111', '031100', '030000'),
(1194, 'SD NEGERI KAUMAN 03', 'Jl. Jenderal Sudirman No 62', '-6.9250000', '109.7542000', 'SD', 'N', '032511', '032500', '030000'),
(1195, 'SMP KRISTEN ADIPALA', 'Jalan Srandil No. 223 Adiraja', '-7.6618000', '109.1657000', 'SMP', 'S', '030116', '030100', '030000'),
(1196, 'SMAN 1 BLORA', 'JL. TENTARA PELAJAR NO. 21 BLORA', '-6.9654000', '111.4155000', 'SMA', 'N', '031610', '031600', '030000'),
(1197, 'SD NEGERI PARANGJORO 02', 'Parangjoro Rt 01 Rw 03', '-7.6337000', '110.8054000', 'SD', 'N', '031109', '031100', '030000'),
(1198, 'SMP NEGERI 1 KARANGNONGKO', 'Jagalan', '-7.6961000', '110.5469000', 'SMP', 'N', '031011', '031000', '030000'),
(1199, 'SD NEGERI 3 GIRITIRTO', 'RT 02 RW 06', '-7.5357000', '109.6309000', 'SD', 'N', '030521', '030500', '030000'),
(1200, 'SD NEGERI 4 Godan', 'Dusun Sedah', '-7.0259980', '111.0303930', 'SD', 'N', '031511', '031500', '030000'),
(1201, 'SD N 2 LANGGONGSARI', 'Langgongsari', '-7.4283000', '109.1292000', 'SD', 'N', '030217', '030200', '030000'),
(1202, 'SD NEGERI JOGOBOYO', 'Jogoboyo', '-7.8620000', '110.0174000', 'SD', 'N', '030603', '030600', '030000'),
(1203, 'SD NEGERI 1 KAHUMAN', 'Padan', '-7.6069000', '110.6740000', 'SD', 'N', '031019', '031000', '030000'),
(1204, 'SD NEGERI KUPANGAN', 'Kupangan', '-7.4015000', '109.8185000', 'SD', 'N', '030714', '030700', '030000'),
(1205, 'SD NEGERI 4 SUMAMPIR', 'Dusun Karangnangka', '-7.2883000', '109.5249000', 'SD', 'N', '030316', '030300', '030000'),
(1206, 'SD NEGERI 2 JATIPURWO', 'Garon', '-7.8161000', '111.1601000', 'SD', 'N', '031223', '031200', '030000'),
(1207, 'SMP PGRI 6 GANDRUNGMANGU 2', 'Karanggintung', '-7.4438000', '108.8870000', 'SMP', 'S', '030110', '030100', '030000'),
(1208, 'SD NEGERI 1 PENDOSAWALAN', 'Jl. Bakalan - Damarjati', '-6.7184000', '110.7379000', 'SD', 'N', '032013', '032000', '030000'),
(1209, 'SD NEGERI PABUARAN 01', 'Jl. Puntuk No. 02', '-7.1392000', '108.8042000', 'SD', 'N', '032901', '032900', '030000'),
(1210, 'SD NEGERI BANYUURIP', 'Jl. Sulang-Gunem km 5, Banyuurip, Gunem', '-6.8195000', '111.4237000', 'SD', 'N', '031703', '031700', '030000'),
(1211, 'SD N DUKUN 1', 'Jln. A Yani No. 4', '-6.9270000', '110.5772000', 'SD', 'N', '032105', '032100', '030000'),
(1212, 'SD NEGERI NGENING 01', 'Ngening', '-6.7218000', '111.2287000', 'SD', 'N', '031807', '031800', '030000'),
(1213, 'SD NEGERI 1 WIRASABA', 'Jalan Lanud Wirasaba RT 002 RW 007', '-7.4532250', '109.4162000', 'SD', 'N', '030302', '030300', '030000'),
(1214, 'SDS IT BINA INSAN', 'DESA KAMOLAN RT 01 /RW 01', '-6.9948260', '111.4113840', 'SD', 'S', '031610', '031600', '030000'),
(1215, 'SD NEGERI TRUKO 02', 'Truko', '-7.2200000', '110.5482000', 'SD', 'N', '032212', '032200', '030000'),
(1216, 'SD NEGERI 01 PEKIRINGANAGENG', 'Pekiringanageng', '-7.0287000', '109.5807000', 'SD', 'N', '032608', '032600', '030000'),
(1217, 'SD NEGERI JURANGOMBO 2', 'Jl Sunan Gunung Jati No 3/40', '-7.4906000', '110.2113000', 'SD', 'N', '036001', '036000', '030000'),
(1218, 'SD NEGERI 2 SUMPIUH', 'Jalan Nusawungu No.64', '-7.6153800', '109.3645500', 'SD', 'N', '030207', '030200', '030000'),
(1219, 'SD N SANGGE 1', 'Sangge', '-7.3732000', '110.7219000', 'SD', 'N', '030915', '030900', '030000'),
(1220, 'SD N 2 SENDANGAGUNG', 'Sendangagung', '-7.8353000', '111.1865000', 'SD', 'N', '031204', '031200', '030000'),
(1221, 'SMKS TUJUH LIMA 2 PURWOKERTO', 'JL. MARGANTARA TANJUNG PURWOKERTO', '-7.4380167', '109.2164967', 'SMK', 'S', '030224', '030200', '030000'),
(1222, 'SMP ISLAM AL FATH PLANTUNGAN', 'Plantungan Kendal', '-7.1228120', '109.9508170', 'SMP', 'S', '032401', '032400', '030000'),
(1223, 'SD NEGERI 1 GLODOGAN', 'MEGERSARI, GLODOGAN', '-7.7420530', '110.5989000', 'SD', 'N', '031024', '031000', '030000'),
(1224, 'SMPS ANNOOR', 'JLN. KENDALDOYONG NO. 56 WONOSALAM DEMAK', '-6.9153000', '110.6493000', 'SMP', 'S', '032108', '032100', '030000'),
(1225, 'SD NEGERI KALIWUNGU 03', 'Jl Kyai Surawal', '-7.5457000', '108.7823000', 'SD', 'N', '030108', '030100', '030000'),
(1226, 'SD NEGERI GALIRAN', 'Galiran Rt 02 Rw 09', '-6.9126000', '110.8555000', 'SD', 'N', '031801', '031800', '030000'),
(1227, 'SD NEGERI GONDANGREJO', 'Gondangrejo', '-7.4142000', '110.2036000', 'SD', 'N', '030816', '030800', '030000'),
(1228, 'SD NEGERI SINDANGHEULA 01', 'Sindangheula', '-7.0848000', '108.8155000', 'SD', 'N', '032909', '032900', '030000'),
(1229, 'SDN 3 DOPLANG', 'Jl. Doplang Kunduran Km 1', '-7.1773600', '111.2893100', 'SD', 'N', '031601', '031600', '030000'),
(1230, 'SD NEGERI 2 TOYAREJA', 'Jl. Kertayasa', '-7.4191080', '109.3860000', 'SD', 'N', '030306', '030300', '030000'),
(1231, 'SMP N 1 SKA', 'Jl. Mt. Haryono 4', '-7.5584000', '110.8090000', 'SMP', 'N', '036105', '036100', '030000'),
(1232, 'SMP DIPONEGORO SAMPANG', 'Jl. Gerilya No.70', '-7.5742000', '109.2017000', 'SMP', 'S', '030118', '030100', '030000'),
(1233, 'SD NEGERI 3 KEDUNGSARI', 'Kedungsari', '-7.7444000', '109.6423000', 'SD', 'N', '030505', '030500', '030000'),
(1234, 'SD NEGERI 03 BEJI', 'Jalan Werkudoro No 3 Dusun Karangsari', '-6.9022000', '109.4206000', 'SD', 'N', '032709', '032700', '030000'),
(1235, 'SD NEGERI KEDUNGJATI', 'Kedumgjati', '-7.5860000', '109.5396000', 'SD', 'N', '030518', '030500', '030000'),
(1236, 'SD N 4 SINGOROJO', 'Dusun Taruman', '-7.0619000', '110.1725000', 'SD', 'N', '032405', '032400', '030000'),
(1237, 'SD NEGERI 1 WONOSARI', 'Jalan Wonosari - Pegandon No. 14', '-7.0065000', '110.1033000', 'SD', 'N', '032410', '032400', '030000'),
(1238, 'SD NEGERI WEDING 4', 'Bener', '-6.8636000', '110.6059000', 'SD', 'N', '032106', '032100', '030000'),
(1239, 'SD NEGERI KEMAWI', 'Jl. Limbangan KM. 03', '-7.2014000', '110.2750000', 'SD', 'N', '032209', '032200', '030000'),
(1240, 'SLB ABCD TUNAS PEMBANGUNAN 2', 'Jl Raya Panasan Baru Nogosari Km 1, 5', '-7.4822000', '110.7296000', 'SLB', 'S', '030912', '030900', '030000'),
(1241, 'SD NEGERI KLOPO 1', 'Jl. Kyai Abdan KM 2.5 Klopo', '-7.4413000', '110.2749000', 'SD', 'N', '030818', '030800', '030000'),
(1242, 'SD NEGERI NGADISALAM', 'Ngadisalam', '-7.4346000', '109.9700000', 'SD', 'N', '030703', '030700', '030000'),
(1243, 'SMP NEGERI 1 KARANGANYAR', 'Jl. Kebunsari', '-7.0369000', '109.6067000', 'SMP', 'N', '032607', '032600', '030000'),
(1244, 'SD NEGERI 1 PACEKELAN', 'Desa Pacekelan', '-7.7488000', '110.0429000', 'SD', 'N', '030606', '030600', '030000'),
(1245, 'SD N 5 KEPUHSARI', 'Blimbing Lor', '-7.8567000', '110.7890000', 'SD', 'N', '031212', '031200', '030000'),
(1246, 'SMP KRISTEN I KLATEN', 'Jl. Seruni No. 4 Klaten', '-7.7122770', '110.6140960', 'SMP', 'S', '031025', '031000', '030000'),
(1247, 'SD NEGERI 4 Sugihan', 'Dsn. Jetak RT. 03 RW. 08', '-7.1228000', '110.8716000', 'SD', 'N', '031504', '031500', '030000'),
(1248, 'SD MUHAMMADIYAH 12', 'Jl. Mintojiwo Dalam II', '-6.9823000', '110.3855000', 'SD', 'S', '036314', '036300', '030000');

-- --------------------------------------------------------

--
-- Table structure for table `users`
--

CREATE TABLE `users` (
  `id` int(11) UNSIGNED NOT NULL,
  `ip_address` varchar(45) NOT NULL,
  `username` varchar(100) NOT NULL,
  `password` varchar(255) NOT NULL,
  `email` varchar(254) NOT NULL,
  `activation_selector` varchar(255) DEFAULT NULL,
  `activation_code` varchar(255) DEFAULT NULL,
  `forgotten_password_selector` varchar(255) DEFAULT NULL,
  `forgotten_password_code` varchar(255) DEFAULT NULL,
  `forgotten_password_time` int(11) UNSIGNED DEFAULT NULL,
  `remember_selector` varchar(255) DEFAULT NULL,
  `remember_code` varchar(255) DEFAULT NULL,
  `created_on` int(11) UNSIGNED NOT NULL,
  `last_login` int(11) UNSIGNED DEFAULT NULL,
  `active` tinyint(1) UNSIGNED DEFAULT NULL,
  `first_name` varchar(50) DEFAULT NULL,
  `last_name` varchar(50) DEFAULT NULL,
  `company` varchar(100) DEFAULT NULL,
  `phone` varchar(20) DEFAULT NULL
) ENGINE=InnoDB DEFAULT CHARSET=utf8;

--
-- Dumping data for table `users`
--

INSERT INTO `users` (`id`, `ip_address`, `username`, `password`, `email`, `activation_selector`, `activation_code`, `forgotten_password_selector`, `forgotten_password_code`, `forgotten_password_time`, `remember_selector`, `remember_code`, `created_on`, `last_login`, `active`, `first_name`, `last_name`, `company`, `phone`) VALUES
(1, '127.0.0.1', 'admin', '$2y$12$mS1XPNarDAbslvBcPvrfteA8sa8qFXUVrgy7NX7zdKecEF3WiNz72', 'pradityagus@gmail.com', NULL, '', NULL, NULL, NULL, NULL, NULL, 1268889823, 1589434013, 1, 'Administrator', 'Beriman', 'ADMIN', '085856147866'),
(2, '::1', 'galung', '$2y$10$T4PVZfjO8hqk3gl4KTFi8.N3mFk1tlmW/h0d2eD4JjE6TP27bu1fC', 'fach@contoh.com', NULL, NULL, NULL, NULL, NULL, NULL, NULL, 1562561882, 1589302036, 1, 'Fach', 'Galung', '', ''),
(3, '::1', 'gunss', '$2y$10$w873mMQemY1nT8FunoFhW.CDmOVTHQ2bQ.SUDEziVFtcca6/seRgW', 'moel@example.com', NULL, NULL, NULL, NULL, NULL, NULL, NULL, 1562590867, NULL, 1, 'Moel', 'Doko', '', '');

-- --------------------------------------------------------

--
-- Table structure for table `users_groups`
--

CREATE TABLE `users_groups` (
  `id` int(11) UNSIGNED NOT NULL,
  `user_id` int(11) UNSIGNED NOT NULL,
  `group_id` mediumint(8) UNSIGNED NOT NULL
) ENGINE=InnoDB DEFAULT CHARSET=utf8;

--
-- Dumping data for table `users_groups`
--

INSERT INTO `users_groups` (`id`, `user_id`, `group_id`) VALUES
(1, 1, 1),
(2, 2, 4),
(64, 3, 5);

-- --------------------------------------------------------

--
-- Table structure for table `users_permissions`
--

CREATE TABLE `users_permissions` (
  `id` int(11) NOT NULL,
  `user_id` int(11) NOT NULL,
  `perm_id` int(11) NOT NULL,
  `value` tinyint(1) NOT NULL DEFAULT '0',
  `created_at` int(11) NOT NULL,
  `updated_at` int(11) NOT NULL
) ENGINE=InnoDB DEFAULT CHARSET=latin1;

--
-- Indexes for dumped tables
--

--
-- Indexes for table `groups`
--
ALTER TABLE `groups`
  ADD PRIMARY KEY (`id`);

--
-- Indexes for table `groups_permissions`
--
ALTER TABLE `groups_permissions`
  ADD PRIMARY KEY (`id`),
  ADD UNIQUE KEY `roleID_2` (`group_id`,`perm_id`);

--
-- Indexes for table `kabupaten`
--
ALTER TABLE `kabupaten`
  ADD PRIMARY KEY (`kode_wilayah`);

--
-- Indexes for table `kecamatan`
--
ALTER TABLE `kecamatan`
  ADD PRIMARY KEY (`kode_wilayah`);

--
-- Indexes for table `login_attempts`
--
ALTER TABLE `login_attempts`
  ADD PRIMARY KEY (`id`);

--
-- Indexes for table `permissions`
--
ALTER TABLE `permissions`
  ADD PRIMARY KEY (`id`),
  ADD UNIQUE KEY `permKey` (`perm_key`);

--
-- Indexes for table `provinsi`
--
ALTER TABLE `provinsi`
  ADD PRIMARY KEY (`kode_wilayah`);

--
-- Indexes for table `sekolah`
--
ALTER TABLE `sekolah`
  ADD PRIMARY KEY (`id`);

--
-- Indexes for table `users`
--
ALTER TABLE `users`
  ADD PRIMARY KEY (`id`),
  ADD UNIQUE KEY `uc_username` (`username`),
  ADD UNIQUE KEY `uc_email` (`email`),
  ADD UNIQUE KEY `uc_activation_selector` (`activation_selector`),
  ADD UNIQUE KEY `uc_forgotten_password_selector` (`forgotten_password_selector`),
  ADD UNIQUE KEY `uc_remember_selector` (`remember_selector`);

--
-- Indexes for table `users_groups`
--
ALTER TABLE `users_groups`
  ADD PRIMARY KEY (`id`),
  ADD UNIQUE KEY `uc_users_groups` (`user_id`,`group_id`),
  ADD KEY `fk_users_groups_users1_idx` (`user_id`),
  ADD KEY `fk_users_groups_groups1_idx` (`group_id`);

--
-- Indexes for table `users_permissions`
--
ALTER TABLE `users_permissions`
  ADD PRIMARY KEY (`id`),
  ADD UNIQUE KEY `userID` (`user_id`,`perm_id`);

--
-- AUTO_INCREMENT for dumped tables
--

--
-- AUTO_INCREMENT for table `groups`
--
ALTER TABLE `groups`
  MODIFY `id` mediumint(8) UNSIGNED NOT NULL AUTO_INCREMENT, AUTO_INCREMENT=6;

--
-- AUTO_INCREMENT for table `groups_permissions`
--
ALTER TABLE `groups_permissions`
  MODIFY `id` int(11) NOT NULL AUTO_INCREMENT, AUTO_INCREMENT=56;

--
-- AUTO_INCREMENT for table `login_attempts`
--
ALTER TABLE `login_attempts`
  MODIFY `id` int(11) UNSIGNED NOT NULL AUTO_INCREMENT;

--
-- AUTO_INCREMENT for table `permissions`
--
ALTER TABLE `permissions`
  MODIFY `id` int(11) NOT NULL AUTO_INCREMENT, AUTO_INCREMENT=33;

--
-- AUTO_INCREMENT for table `users`
--
ALTER TABLE `users`
  MODIFY `id` int(11) UNSIGNED NOT NULL AUTO_INCREMENT, AUTO_INCREMENT=4;

--
-- AUTO_INCREMENT for table `users_groups`
--
ALTER TABLE `users_groups`
  MODIFY `id` int(11) UNSIGNED NOT NULL AUTO_INCREMENT, AUTO_INCREMENT=65;

--
-- AUTO_INCREMENT for table `users_permissions`
--
ALTER TABLE `users_permissions`
  MODIFY `id` int(11) NOT NULL AUTO_INCREMENT;

--
-- Constraints for dumped tables
--

--
-- Constraints for table `users_groups`
--
ALTER TABLE `users_groups`
  ADD CONSTRAINT `fk_users_groups_groups1` FOREIGN KEY (`group_id`) REFERENCES `groups` (`id`) ON DELETE CASCADE ON UPDATE NO ACTION,
  ADD CONSTRAINT `fk_users_groups_users1` FOREIGN KEY (`user_id`) REFERENCES `users` (`id`) ON DELETE CASCADE ON UPDATE NO ACTION;
COMMIT;

/*!40101 SET CHARACTER_SET_CLIENT=@OLD_CHARACTER_SET_CLIENT */;
/*!40101 SET CHARACTER_SET_RESULTS=@OLD_CHARACTER_SET_RESULTS */;
/*!40101 SET COLLATION_CONNECTION=@OLD_COLLATION_CONNECTION */;
